<?xml version="1.0" encoding="UTF-8"?>
<files>
  <file name="brooklynmuseum-o84175i000-64.98.16_PS1_thumb.jpg" source="derivative">
    <format>JPEG Thumb</format>
    <original>brooklynmuseum-o84175i000-64.98.16_PS1.jpg</original>
    <md5>1a5f1346404919c6083f4682d480ad14</md5>
    <mtime>1273152997</mtime>
    <size>2282</size>
    <crc32>4aed357c</crc32>
    <sha1>1d8b1b1580964ac159b6ee9910504a386f0ea51c</sha1>
  </file>
  <file name="brooklynmuseum-o84175i001-64.98.16_detail_PS1.jpg" source="original">
    <format>JPEG</format>
    <md5>21446d4665d148b917b99026419366fc</md5>
    <mtime>1273152950</mtime>
    <size>52829</size>
    <crc32>5b1d8c11</crc32>
    <sha1>3e8c4f41e8cb374d17cd74700d048890084a0e6e</sha1>
  </file>
  <file name="brooklynmuseum-o84175i001-64.98.16_detail_PS1.jpg_meta.txt" source="original">
    <format>Metadata</format>
    <md5>ca9053623f41b75d539f1264dc54c19b</md5>
    <mtime>1273152950</mtime>
    <size>752</size>
    <crc32>601574eb</crc32>
    <sha1>dac073efeb4217b61fba1e5f3fbb29c381985e46</sha1>
  </file>
  <file name="brooklynmuseum-o84175i000-64.98.16_PS1.jpg_meta.txt" source="original">
    <format>Metadata</format>
    <md5>00d3269246aa3e24f6631221eed0ad34</md5>
    <mtime>1273152949</mtime>
    <size>745</size>
    <crc32>1bc7cfa2</crc32>
    <sha1>76de61a5b346f4032db21c49176685f1749c68de</sha1>
  </file>
  <file name="brooklynmuseum-o84175i001-64.98.16_detail_PS1_thumb.jpg" source="derivative">
    <format>JPEG Thumb</format>
    <original>brooklynmuseum-o84175i001-64.98.16_detail_PS1.jpg</original>
    <md5>52dc9a74127fe61fe9b0781d07821638</md5>
    <mtime>1273152996</mtime>
    <size>3059</size>
    <crc32>70e9b156</crc32>
    <sha1>d5bc683de328df36fcb0225e10cfe193190428f4</sha1>
  </file>
  <file name="brooklynmuseum-o84175i000-64.98.16_PS1.jpg" source="original">
    <format>JPEG</format>
    <md5>c45b32a7490d269b8459dacf4a6e4bc4</md5>
    <mtime>1273152949</mtime>
    <size>31466</size>
    <crc32>46127f14</crc32>
    <sha1>6110210e13a80b3473cb6d7db2fc5f1ff73be356</sha1>
  </file>
  <file name="brooklynmuseum-o84175-wood-wren_meta.xml" source="original">
    <format>Metadata</format>
    <mtime>1417389065</mtime>
    <size>1298</size>
    <md5>c8185a75e9cb5dd6943ab15eaf6207de</md5>
    <crc32>1f6c933f</crc32>
    <sha1>07fc658e91d14b5d9c2d15a1af84e6147e71e83c</sha1>
  </file>
  <file name="brooklynmuseum-o84175-wood-wren_files.xml" source="original">
    <format>Metadata</format>
    <md5>1df7231a6f7520fdbd0046e2c5812d0b</md5>
  </file>
</files>
