<?xml version="1.0" encoding="UTF-8"?>
<files>
  <file name="brooklynmuseum-o84173i000-64.98.14_PS1.jpg" source="original">
    <format>JPEG</format>
    <md5>95a855372f612986e23796c33632bb61</md5>
    <mtime>1273152902</mtime>
    <size>59079</size>
    <crc32>aefacc5c</crc32>
    <sha1>dd00320a2d1c55c2cf5df200fec402c41d45f4e9</sha1>
  </file>
  <file name="brooklynmuseum-o84173i000-64.98.14_PS1.jpg_meta.txt" source="original">
    <format>Metadata</format>
    <md5>d0265ef2d2a925fa326d2f4d1bba4159</md5>
    <mtime>1273152902</mtime>
    <size>768</size>
    <crc32>c0604825</crc32>
    <sha1>a16c2c314db1bb41852f0c4fa30119f6cb7d5e57</sha1>
  </file>
  <file name="brooklynmuseum-o84173i000-64.98.14_PS1_thumb.jpg" source="derivative">
    <format>JPEG Thumb</format>
    <original>brooklynmuseum-o84173i000-64.98.14_PS1.jpg</original>
    <md5>a278cd8614d2fe97fbd198047ea90ee9</md5>
    <mtime>1273152946</mtime>
    <size>3699</size>
    <crc32>478616fb</crc32>
    <sha1>925f953000e82f01c93265922350d0a2a33b1773</sha1>
  </file>
  <file name="brooklynmuseum-o84173-ruby-throated-humming-bird_meta.xml" source="original">
    <format>Metadata</format>
    <mtime>1416950972</mtime>
    <size>1370</size>
    <md5>83ec51214fa35401114b5c05272f700f</md5>
    <crc32>e8f275af</crc32>
    <sha1>22031c62aee41f172608343a3f8b4b8d720ffe03</sha1>
  </file>
  <file name="brooklynmuseum-o84173-ruby-throated-humming-bird_files.xml" source="original">
    <format>Metadata</format>
    <md5>84a74e155443e79b8e9ad4040d7404cf</md5>
  </file>
</files>
