<?xml version="1.0" encoding="UTF-8"?>
<metadata><identifier>brooklynmuseum-o84173-ruby-throated-humming-bird</identifier><caption>John J. Audubon (American, 1785-1851). &lt;em&gt;Ruby Throated Humming Bird&lt;/em&gt;, 1828. Aquatint, approx.: 27 x 40 in. (68.6 x 101.6 cm). Brooklyn Museum, Gift of the estate of Emily Winthrop Miles, 64.98.14</caption><collection>brooklynmuseum</collection><creator>John J. Audubon</creator><credit>Gift of the estate of Emily Winthrop Miles</credit><date>1828</date><description>&lt;p&gt;Object metadata can change over time, please check the Brooklyn Museum &lt;a href="http://www.brooklynmuseum.org/opencollection/objects/84173/Ruby_Throated_Humming_Bird" rel="nofollow"&gt;object record&lt;/a&gt; for the latest information.&lt;/p&gt;</description><dimensions>approx.: 27 x 40 in. (68.6 x 101.6 cm)</dimensions><mediatype>image</mediatype><medium>Aquatint</medium><rights>&lt;a href="http://www.brooklynmuseum.org/opencollection/objects/84173/Ruby_Throated_Humming_Bird?reveal_elements=rights-statement#rights-statement" rel="nofollow"&gt;No known copyright restrictions&lt;/a&gt;</rights><title>Ruby Throated Humming Bird</title><subject>art</subject><subject>American Art</subject><publicdate>2010-05-06 13:34:51</publicdate><uploader>webmaster@brooklynmuseum.org</uploader><addeddate>2010-05-06 13:34:51</addeddate></metadata>
