<?xml version="1.0" encoding="UTF-8"?>
<files>
  <file name="brooklynmuseum-o84191i001-64.98.32_bw_IMLS_thumb.jpg" source="derivative">
    <format>JPEG Thumb</format>
    <original>brooklynmuseum-o84191i001-64.98.32_bw_IMLS.jpg</original>
    <md5>4ebc869f5207d35d54de121e788a505d</md5>
    <mtime>1273153280</mtime>
    <size>5180</size>
    <crc32>67523ba0</crc32>
    <sha1>443e2dcb2fdeaf0558551754756a8d92321290d4</sha1>
  </file>
  <file name="brooklynmuseum-o84191i000-64.98.32_PS2.jpg_meta.txt" source="original">
    <format>Metadata</format>
    <md5>1fa280f7df78dfe34d2cf369e7fdbc27</md5>
    <mtime>1273153228</mtime>
    <size>739</size>
    <crc32>f8824b45</crc32>
    <sha1>12ddfcf06f59dc497330760e1a53b1f788abc009</sha1>
  </file>
  <file name="brooklynmuseum-o84191i001-64.98.32_bw_IMLS.jpg_meta.txt" source="original">
    <format>Metadata</format>
    <md5>6adeb23ac57d4e699bc5c8db0e4df082</md5>
    <mtime>1273153229</mtime>
    <size>718</size>
    <crc32>2c0c1a89</crc32>
    <sha1>a623fdd549f4d6b280d2c60636b9b4b614e57f12</sha1>
  </file>
  <file name="brooklynmuseum-o84191i000-64.98.32_PS2_thumb.jpg" source="derivative">
    <format>JPEG Thumb</format>
    <original>brooklynmuseum-o84191i000-64.98.32_PS2.jpg</original>
    <md5>37920e0db912c33573e1310409d6896b</md5>
    <mtime>1273153280</mtime>
    <size>4141</size>
    <crc32>814cca90</crc32>
    <sha1>f56622f8b59bcb8544eb5f25350b710a5524b6f1</sha1>
  </file>
  <file name="brooklynmuseum-o84191i000-64.98.32_PS2.jpg" source="original">
    <format>JPEG</format>
    <md5>f2fc018465f883e80ece5f4befc7c70f</md5>
    <mtime>1273153228</mtime>
    <size>79438</size>
    <crc32>9bb5ab13</crc32>
    <sha1>c134ce861e2982c8cd9311e1fd4fcf80b4b1e3b1</sha1>
  </file>
  <file name="brooklynmuseum-o84191i001-64.98.32_bw_IMLS.jpg" source="original">
    <format>JPEG</format>
    <md5>b7f757e3e98b63b49ac260e85f287be3</md5>
    <mtime>1273153229</mtime>
    <size>114675</size>
    <crc32>b297238a</crc32>
    <sha1>618dd60ed3b6c606e0262a42765ef99ac92f4020</sha1>
  </file>
  <file name="brooklynmuseum-o84191-grey-rabbit_meta.xml" source="original">
    <format>Metadata</format>
    <mtime>1415622959</mtime>
    <size>1256</size>
    <md5>7723a6e93783b4f6be79e552e0ec9387</md5>
    <crc32>5b7e3e57</crc32>
    <sha1>ce9d1a56286dc3bceca59468a9e399a7cf53fc51</sha1>
  </file>
  <file name="brooklynmuseum-o84191-grey-rabbit_files.xml" source="original">
    <format>Metadata</format>
    <md5>38595fb02b7a33cabd6c127c64710a43</md5>
  </file>
</files>
