<?xml version="1.0" encoding="UTF-8"?>
<files>
  <file name="brooklynmuseum-o84203i000-64.98.44_IMLS_PS4.jpg" source="original">
    <format>JPEG</format>
    <md5>1bcf67b8d12b3c66b34de9c5607a553d</md5>
    <mtime>1273153488</mtime>
    <size>65830</size>
    <crc32>e8659a7f</crc32>
    <sha1>97cb0d05d9b698909fb5b6dd18ed11d407af8298</sha1>
  </file>
  <file name="brooklynmuseum-o84203i000-64.98.44_IMLS_PS4_thumb.jpg" source="derivative">
    <format>JPEG Thumb</format>
    <original>brooklynmuseum-o84203i000-64.98.44_IMLS_PS4.jpg</original>
    <md5>ed6a516ef2c510e287273a6d7bdab05a</md5>
    <mtime>1273153529</mtime>
    <size>3895</size>
    <crc32>3aa62be3</crc32>
    <sha1>432037d241883c93515e336001fa5b2c32614942</sha1>
  </file>
  <file name="brooklynmuseum-o84203i000-64.98.44_IMLS_PS4.jpg_meta.txt" source="original">
    <format>Metadata</format>
    <md5>d0b8da6ad12579fb62c91a4e4788f279</md5>
    <mtime>1273153488</mtime>
    <size>747</size>
    <crc32>efeb6ddd</crc32>
    <sha1>1bd4812640e3aa0dece9cf1e22538593542748c5</sha1>
  </file>
  <file name="brooklynmuseum-o84203-brown-or-norway-rat-red-tailed_meta.xml" source="original">
    <format>Metadata</format>
    <mtime>1406466849</mtime>
    <size>1389</size>
    <md5>2a2cca70e69bbb848f5714e86fb91013</md5>
    <crc32>9bd7db34</crc32>
    <sha1>ef92a8ad6cfb4ec9394e02e3c0fed05ff44c3fc1</sha1>
  </file>
  <file name="brooklynmuseum-o84203-brown-or-norway-rat-red-tailed_files.xml" source="original">
    <format>Metadata</format>
    <md5>aa17a3ad50b24fdc7c1d26fdd501f866</md5>
  </file>
</files>
