<?xml version="1.0" encoding="UTF-8"?>
<files>
  <file name="brooklynmuseum-o84197i000-64.98.38_IMLS_PS4.jpg" source="original">
    <format>JPEG</format>
    <md5>d67e47ea6657cdf628b7b4a20a8db150</md5>
    <mtime>1273153364</mtime>
    <size>86179</size>
    <crc32>af6a6da9</crc32>
    <sha1>0da74ca638de6a51f548bb29f43f224c48432916</sha1>
  </file>
  <file name="brooklynmuseum-o84197i000-64.98.38_IMLS_PS4.jpg_meta.txt" source="original">
    <format>Metadata</format>
    <md5>9362c4220a52dd037464bc399c69c0d6</md5>
    <mtime>1273153364</mtime>
    <size>725</size>
    <crc32>949cf83b</crc32>
    <sha1>885847c1687162c574976e6d114efc8d4c7b5c22</sha1>
  </file>
  <file name="brooklynmuseum-o84197i000-64.98.38_IMLS_PS4_thumb.jpg" source="derivative">
    <format>JPEG Thumb</format>
    <original>brooklynmuseum-o84197i000-64.98.38_IMLS_PS4.jpg</original>
    <md5>2e8c67a749dea733d4d32deacd446b28</md5>
    <mtime>1273153409</mtime>
    <size>4877</size>
    <crc32>4c5b1356</crc32>
    <sha1>86941f6d415f199831c1c57a474f549cc306b39f</sha1>
  </file>
  <file name="brooklynmuseum-o84197-migratory-squirrel_meta.xml" source="original">
    <format>Metadata</format>
    <mtime>1416542569</mtime>
    <size>1291</size>
    <md5>857b6ff1314d330a323881b1b385c278</md5>
    <crc32>e39e70b5</crc32>
    <sha1>fae5368fe84af355423c7b10db4a231a92082980</sha1>
  </file>
  <file name="brooklynmuseum-o84197-migratory-squirrel_files.xml" source="original">
    <format>Metadata</format>
    <md5>965b89bfbd658a5f8ed82498dadfab60</md5>
  </file>
</files>
