<?xml version="1.0" encoding="UTF-8"?>
<files>
  <file name="brooklynmuseum-o84180i000-64.98.21_bw_IMLS.jpg" source="original">
    <format>JPEG</format>
    <md5>4e160a81f77fcdee0c2b0929980fe5ff</md5>
    <mtime>1273153044</mtime>
    <size>108289</size>
    <crc32>db7922f5</crc32>
    <sha1>6b6919c2fcf68e8440259edc850fc0a3b8ad21d2</sha1>
  </file>
  <file name="brooklynmuseum-o84180i000-64.98.21_bw_IMLS.jpg_meta.txt" source="original">
    <format>Metadata</format>
    <md5>fd6e6f6b5cb43949ff13c20d3bd0cbce</md5>
    <mtime>1273153044</mtime>
    <size>730</size>
    <crc32>358370d6</crc32>
    <sha1>6aa09668c7e30f0a43d34cb265a13a8a649b6c3b</sha1>
  </file>
  <file name="brooklynmuseum-o84180i000-64.98.21_bw_IMLS_thumb.jpg" source="derivative">
    <format>JPEG Thumb</format>
    <original>brooklynmuseum-o84180i000-64.98.21_bw_IMLS.jpg</original>
    <md5>2f82c337c0c9c47862c29cb4605ffbb7</md5>
    <mtime>1273153114</mtime>
    <size>5339</size>
    <crc32>3a2963c</crc32>
    <sha1>f4006e6e6af3a53a13c03639d1ffc32de1c4c00c</sha1>
  </file>
  <file name="brooklynmuseum-o84180-common-american-wildcat_meta.xml" source="original">
    <format>Metadata</format>
    <mtime>1416559501</mtime>
    <size>1357</size>
    <md5>2f49717b45e9f1a3e6068b5c2b1d8a60</md5>
    <crc32>d75f52f7</crc32>
    <sha1>4eedebc9ffca233c73271a602c3188ac2b8f23b4</sha1>
  </file>
  <file name="brooklynmuseum-o84180-common-american-wildcat_files.xml" source="original">
    <format>Metadata</format>
    <md5>6e6eeb19a6305915a4a408b0248c0e16</md5>
  </file>
</files>
