<?xml version="1.0" encoding="UTF-8"?>
<files>
  <file name="brooklynmuseum-o84195i000-64.98.36_IMLS_PS4_thumb.jpg" source="derivative">
    <format>JPEG Thumb</format>
    <original>brooklynmuseum-o84195i000-64.98.36_IMLS_PS4.jpg</original>
    <md5>9eaf771c91accd6c318963028905b34d</md5>
    <mtime>1273153339</mtime>
    <size>4264</size>
    <crc32>6b296dec</crc32>
    <sha1>f44847d4bfb7e4e160cb5728acc468e7507d01ff</sha1>
  </file>
  <file name="brooklynmuseum-o84195i000-64.98.36_IMLS_PS4.jpg" source="original">
    <format>JPEG</format>
    <md5>f503c02d5ff6be64885a7036f5560b77</md5>
    <mtime>1273153299</mtime>
    <size>64722</size>
    <crc32>22229730</crc32>
    <sha1>98c7cb15ffb5c6ddd35bb50d85f5c88fc4b54790</sha1>
  </file>
  <file name="brooklynmuseum-o84195i000-64.98.36_IMLS_PS4.jpg_meta.txt" source="original">
    <format>Metadata</format>
    <md5>19ff1a68aee809d29fb8f7dfc3ef572a</md5>
    <mtime>1273153299</mtime>
    <size>733</size>
    <crc32>6cb04088</crc32>
    <sha1>4ddbe151c92fa119ab8160737181c1afcecc1a09</sha1>
  </file>
  <file name="brooklynmuseum-o84195-common-flying-squirrel_meta.xml" source="original">
    <format>Metadata</format>
    <mtime>1416397160</mtime>
    <size>1319</size>
    <md5>53c4ed3e9d1a038a5372a414076821e0</md5>
    <crc32>e8439b40</crc32>
    <sha1>804ff310b017417d885b2cdd6d2ddea0a0345ace</sha1>
  </file>
  <file name="brooklynmuseum-o84195-common-flying-squirrel_files.xml" source="original">
    <format>Metadata</format>
    <md5>30d5e1a6757d040108f984cdc9b4ec48</md5>
  </file>
</files>
