<?xml version="1.0" encoding="UTF-8"?>
<files>
  <file name="brooklynmuseum-o84193i000-64.98.34_IMLS_PS4_thumb.jpg" source="derivative">
    <format>JPEG Thumb</format>
    <original>brooklynmuseum-o84193i000-64.98.34_IMLS_PS4.jpg</original>
    <md5>5d7b0d17075231366047c326aca46339</md5>
    <mtime>1273153306</mtime>
    <size>3163</size>
    <crc32>5f073e91</crc32>
    <sha1>482b9ac23644f3f4b0c7dea29f7774ba94be11f8</sha1>
  </file>
  <file name="brooklynmuseum-o84193i000-64.98.34_IMLS_PS4.jpg_meta.txt" source="original">
    <format>Metadata</format>
    <md5>cd09a78c0275386eef1d2440276e205d</md5>
    <mtime>1273153264</mtime>
    <size>721</size>
    <crc32>44bc3e2a</crc32>
    <sha1>c390d82c1a69db9ae2fe135ff82075c4d9f9a6e1</sha1>
  </file>
  <file name="brooklynmuseum-o84193i000-64.98.34_IMLS_PS4.jpg" source="original">
    <format>JPEG</format>
    <md5>68e685d0142f91fbc28c0f3e5b34ecc5</md5>
    <mtime>1273153264</mtime>
    <size>45016</size>
    <crc32>5f78798c</crc32>
    <sha1>f60bb264a78b120a1ee06413e2bc67ac6d670952</sha1>
  </file>
  <file name="brooklynmuseum-o84193-downy-squirrel_meta.xml" source="original">
    <format>Metadata</format>
    <mtime>1415907075</mtime>
    <size>1271</size>
    <md5>fb571e223a8ec1f0504569bb9066d536</md5>
    <crc32>a1827323</crc32>
    <sha1>88f825dbed0428ba103dcfe8fd97c5012d5807d8</sha1>
  </file>
  <file name="brooklynmuseum-o84193-downy-squirrel_files.xml" source="original">
    <format>Metadata</format>
    <md5>4795b20da8130883d4205fd558ef594f</md5>
  </file>
</files>
