<?xml version="1.0" encoding="UTF-8"?>
<files>
  <file name="brooklynmuseum-o84181i000-64.98.22_bw_IMLS.jpg_meta.txt" source="original">
    <format>Metadata</format>
    <md5>900630c779596c7b659f981af2d235a7</md5>
    <mtime>1273153068</mtime>
    <size>742</size>
    <crc32>7601486a</crc32>
    <sha1>86ce5b9d0271b8d3bae4e74a4859749cbb36d7a5</sha1>
  </file>
  <file name="brooklynmuseum-o84181i000-64.98.22_bw_IMLS_thumb.jpg" source="derivative">
    <format>JPEG Thumb</format>
    <original>brooklynmuseum-o84181i000-64.98.22_bw_IMLS.jpg</original>
    <md5>e31db32e58fb305cb3d67dcb49effb7f</md5>
    <mtime>1273153118</mtime>
    <size>4128</size>
    <crc32>2ace61fd</crc32>
    <sha1>3453fb924f766baad61f923ccf9fd4944d99e887</sha1>
  </file>
  <file name="brooklynmuseum-o84181i000-64.98.22_bw_IMLS.jpg" source="original">
    <format>JPEG</format>
    <md5>7c19a419666e5fff453b20b589b39898</md5>
    <mtime>1273153068</mtime>
    <size>81537</size>
    <crc32>bd488bfd</crc32>
    <sha1>e4cd27cfe904156dee1b256b1faa756471bbb96a</sha1>
  </file>
  <file name="brooklynmuseum-o84181-townsends-rocky-mountain-hare_meta.xml" source="original">
    <format>Metadata</format>
    <mtime>1416951563</mtime>
    <size>1371</size>
    <md5>16640e2d1c9f767788353f9da4467ca0</md5>
    <crc32>291fcf77</crc32>
    <sha1>c23f9ccc429d195f9a64a8d2f4c0e767c321f300</sha1>
  </file>
  <file name="brooklynmuseum-o84181-townsends-rocky-mountain-hare_files.xml" source="original">
    <format>Metadata</format>
    <md5>a143e41a083e071ce0ffd5025f266a58</md5>
  </file>
</files>
