<?xml version="1.0" encoding="UTF-8"?>
<files>
  <file name="brooklynmuseum-o84198i000-64.98.39_IMLS_PS4_thumb.jpg" source="derivative">
    <format>JPEG Thumb</format>
    <original>brooklynmuseum-o84198i000-64.98.39_IMLS_PS4.jpg</original>
    <md5>10d11ef0bd6f88372cb446542d8562ec</md5>
    <mtime>1273153418</mtime>
    <size>4324</size>
    <crc32>8622e54f</crc32>
    <sha1>03fe7d43caa713c3e9549fa0040f296ea29df7b4</sha1>
  </file>
  <file name="brooklynmuseum-o84198i000-64.98.39_IMLS_PS4.jpg_meta.txt" source="original">
    <format>Metadata</format>
    <md5>27e41cb6b4f220d3f3ef0e57648b6858</md5>
    <mtime>1273153376</mtime>
    <size>725</size>
    <crc32>33f1f1c</crc32>
    <sha1>d408651f4da28267d99e895cbf8a518ca7b189f0</sha1>
  </file>
  <file name="brooklynmuseum-o84198i000-64.98.39_IMLS_PS4.jpg" source="original">
    <format>JPEG</format>
    <md5>eb4dfd85c894f1cedf929120f17a2de0</md5>
    <mtime>1273153376</mtime>
    <size>81878</size>
    <crc32>e3dada99</crc32>
    <sha1>356f4de13830c9cca652f2f94655f9c349c62406</sha1>
  </file>
  <file name="brooklynmuseum-o84198-white-footed-mouse_meta.xml" source="original">
    <format>Metadata</format>
    <mtime>1416021684</mtime>
    <size>1291</size>
    <md5>4fbeec1ae8792473118bb153fd771399</md5>
    <crc32>1aee1767</crc32>
    <sha1>a88d3b4aa77635d561fbc313c2e045e2ee2c1b2b</sha1>
  </file>
  <file name="brooklynmuseum-o84198-white-footed-mouse_files.xml" source="original">
    <format>Metadata</format>
    <md5>687c6234556d98f308c980413ea74cdd</md5>
  </file>
</files>
