<?xml version="1.0" encoding="UTF-8"?>
<metadata><identifier>brooklynmuseum-o84183-columbian-squirrel</identifier><caption>John J. Audubon (American, 1785-1851). &lt;em&gt;Columbian Squirrel&lt;/em&gt;. Lithograph, 28 x 21 7/8 in. (71.1 x 55.6 cm). Brooklyn Museum, Gift of the estate of Emily Winthrop Miles, 64.98.24</caption><collection>brooklynmuseum</collection><creator>John J. Audubon</creator><credit>Gift of the estate of Emily Winthrop Miles</credit><description>&lt;p&gt;Object metadata can change over time, please check the Brooklyn Museum &lt;a href="http://www.brooklynmuseum.org/opencollection/objects/84183/Columbian_Squirrel" rel="nofollow"&gt;object record&lt;/a&gt; for the latest information.&lt;/p&gt;</description><dimensions>28 x 21 7/8 in. (71.1 x 55.6 cm)</dimensions><mediatype>image</mediatype><medium>Lithograph</medium><rights>&lt;a href="http://www.brooklynmuseum.org/opencollection/objects/84183/Columbian_Squirrel?reveal_elements=rights-statement#rights-statement" rel="nofollow"&gt;No known copyright restrictions&lt;/a&gt;</rights><title>Columbian Squirrel</title><subject>art</subject><subject>American Art</subject><publicdate>2010-05-06 13:38:00</publicdate><uploader>webmaster@brooklynmuseum.org</uploader><addeddate>2010-05-06 13:38:00</addeddate></metadata>
