<?xml version="1.0" encoding="UTF-8"?>
<files>
  <file name="brooklynmuseum-o84183i000-64.98.24_IMLS_PS4.jpg" source="original">
    <format>JPEG</format>
    <md5>797d836291836acd9deb2185f808f33c</md5>
    <mtime>1273153133</mtime>
    <size>41927</size>
    <crc32>97d0622c</crc32>
    <sha1>1334e7080ae009eb33a34839f82bfbf361f2a7c7</sha1>
  </file>
  <file name="brooklynmuseum-o84183i000-64.98.24_IMLS_PS4_thumb.jpg" source="derivative">
    <format>JPEG Thumb</format>
    <original>brooklynmuseum-o84183i000-64.98.24_IMLS_PS4.jpg</original>
    <md5>44f685bd95e96435b5aabc51e10848ef</md5>
    <mtime>1273153177</mtime>
    <size>2980</size>
    <crc32>3347a388</crc32>
    <sha1>9312b22d00166f1d50e5f60055749ca57598d15e</sha1>
  </file>
  <file name="brooklynmuseum-o84183i000-64.98.24_IMLS_PS4.jpg_meta.txt" source="original">
    <format>Metadata</format>
    <md5>3c9a79cd22e9b410f237ca7739d15816</md5>
    <mtime>1273153133</mtime>
    <size>729</size>
    <crc32>c0b29035</crc32>
    <sha1>ed4b808558774377789b6d7cc9bc6e55b8a41729</sha1>
  </file>
  <file name="brooklynmuseum-o84183-columbian-squirrel_meta.xml" source="original">
    <format>Metadata</format>
    <mtime>1417251714</mtime>
    <size>1299</size>
    <md5>82b0ee1b140c25e090c3d6333a8e456c</md5>
    <crc32>905c594e</crc32>
    <sha1>addd4d8a420e6cf310385148510a4131b6660b53</sha1>
  </file>
  <file name="brooklynmuseum-o84183-columbian-squirrel_files.xml" source="original">
    <format>Metadata</format>
    <md5>dfffc272967a3916b0424a0d3c18eef0</md5>
  </file>
</files>
