<?xml version="1.0" encoding="UTF-8"?>
<files>
  <file name="brooklynmuseum-o84177i000-64.98.18_PS1.jpg_meta.txt" source="original">
    <format>Metadata</format>
    <md5>0e711629cb6a9d465737d794abdded4c</md5>
    <mtime>1273152973</mtime>
    <size>756</size>
    <crc32>466c1124</crc32>
    <sha1>d349cd9376a0528cfb55119ad60db4a5a673fd36</sha1>
  </file>
  <file name="brooklynmuseum-o84177i000-64.98.18_PS1_thumb.jpg" source="derivative">
    <format>JPEG Thumb</format>
    <original>brooklynmuseum-o84177i000-64.98.18_PS1.jpg</original>
    <md5>77d3ceb27a5d5a8d0be2daa2cb6db12a</md5>
    <mtime>1273153023</mtime>
    <size>3446</size>
    <crc32>e31f7d1a</crc32>
    <sha1>71dfb260ce64e00f643cd5868d2fe68381fac092</sha1>
  </file>
  <file name="brooklynmuseum-o84177i000-64.98.18_PS1.jpg" source="original">
    <format>JPEG</format>
    <md5>b08f17ea661b8ee6966510c2345815cd</md5>
    <mtime>1273152973</mtime>
    <size>56989</size>
    <crc32>65eda030</crc32>
    <sha1>1ef729e95cbfd3305f391966d3b60430e877061b</sha1>
  </file>
  <file name="brooklynmuseum-o84177-white-headed-eagle_meta.xml" source="original">
    <format>Metadata</format>
    <mtime>1416002308</mtime>
    <size>1351</size>
    <md5>17a8f06e7e75a8cd7f1853e3a1bc3915</md5>
    <crc32>cb5912d1</crc32>
    <sha1>e68248b845dda3d3e7a3136fe0b3019401584cc4</sha1>
  </file>
  <file name="brooklynmuseum-o84177-white-headed-eagle_files.xml" source="original">
    <format>Metadata</format>
    <md5>9b63c815c78f5933cfd80b7b110a72de</md5>
  </file>
</files>
