<?xml version="1.0" encoding="UTF-8"?>
<files>
  <file name="brooklynmuseum-o84179i000-64.98.20_PS2_thumb.jpg" source="derivative">
    <format>JPEG Thumb</format>
    <original>brooklynmuseum-o84179i000-64.98.20_PS2.jpg</original>
    <md5>d7eeaee6b9a57685b87526614506c85f</md5>
    <mtime>1273153061</mtime>
    <size>5794</size>
    <crc32>83b07aa4</crc32>
    <sha1>1c805259dedf0c052d702b754acd2420883b4021</sha1>
  </file>
  <file name="brooklynmuseum-o84179i000-64.98.20_PS2.jpg" source="original">
    <format>JPEG</format>
    <md5>c787c35741ef28c36ca7dcedfaf40a2e</md5>
    <mtime>1273153021</mtime>
    <size>103302</size>
    <crc32>abc040f6</crc32>
    <sha1>0508a6eee2cf1aa36cf558024a9a40975efda65d</sha1>
  </file>
  <file name="brooklynmuseum-o84179i000-64.98.20_PS2.jpg_meta.txt" source="original">
    <format>Metadata</format>
    <md5>05b74e093622d3b52a1c03107a156d67</md5>
    <mtime>1273153021</mtime>
    <size>855</size>
    <crc32>7ba162</crc32>
    <sha1>5964402cc4fbb512d410b850df3ff74141368d80</sha1>
  </file>
  <file name="brooklynmuseum-o84179-carolina-parrot_meta.xml" source="original">
    <format>Metadata</format>
    <mtime>1415928596</mtime>
    <size>1545</size>
    <md5>29caea6f8a4c66d5c115e1e97eba88c4</md5>
    <crc32>c9498890</crc32>
    <sha1>39adc0b2b45fc35ede8bd2a9df492e21dd27b69b</sha1>
  </file>
  <file name="brooklynmuseum-o84179-carolina-parrot_files.xml" source="original">
    <format>Metadata</format>
    <md5>9b3a1b7947bceb17b9982b72319e4ba3</md5>
  </file>
</files>
