<?xml version="1.0" encoding="UTF-8"?>
<files>
  <file name="brooklynmuseum-o84208i000-64.98.49_IMLS_PS4.jpg_meta.txt" source="original">
    <format>Metadata</format>
    <md5>d94f4917e7821d0959e457a992c094c9</md5>
    <mtime>1273153523</mtime>
    <size>719</size>
    <crc32>ecfe594a</crc32>
    <sha1>459f66f71a5b26d5b7f72e00419cef58bcac2157</sha1>
  </file>
  <file name="brooklynmuseum-o84208i000-64.98.49_IMLS_PS4_thumb.jpg" source="derivative">
    <format>JPEG Thumb</format>
    <original>brooklynmuseum-o84208i000-64.98.49_IMLS_PS4.jpg</original>
    <md5>1192175833e394ab2e686fe75b991631</md5>
    <mtime>1273153568</mtime>
    <size>4630</size>
    <crc32>6971d2c1</crc32>
    <sha1>b1ec3fd1fa7e77246bd8594ab1f44e35716ed5d3</sha1>
  </file>
  <file name="brooklynmuseum-o84208i000-64.98.49_IMLS_PS4.jpg" source="original">
    <format>JPEG</format>
    <md5>a41e20ab1e4b4a55ae17d2780208c6b2</md5>
    <mtime>1273153523</mtime>
    <size>84170</size>
    <crc32>b9fd68a1</crc32>
    <sha1>d5bc364b286d92f0056fbf30be5dbaa1c2c31cb0</sha1>
  </file>
  <file name="brooklynmuseum-o84208-fox-squirrel_meta.xml" source="original">
    <format>Metadata</format>
    <mtime>1417417933</mtime>
    <size>1261</size>
    <md5>f27098a23d1455f6acbeb28d18bae1db</md5>
    <crc32>04a0a08b</crc32>
    <sha1>427fc92aa57daa0f93836c2b440db8377b04ebf5</sha1>
  </file>
  <file name="brooklynmuseum-o84208-fox-squirrel_files.xml" source="original">
    <format>Metadata</format>
    <md5>3d9fab990bfdc58c913c1babc2e04fe5</md5>
  </file>
</files>
