<?xml version="1.0" encoding="UTF-8"?>
<metadata><identifier>brooklynmuseum-o84208-fox-squirrel</identifier><caption>John J. Audubon (American, 1785-1851). &lt;em&gt;Fox Squirrel&lt;/em&gt;. Lithograph, 21 x 27 in. (53.3 x 68.6 cm). Brooklyn Museum, Gift of the estate of Emily Winthrop Miles, 64.98.49</caption><collection>brooklynmuseum</collection><creator>John J. Audubon</creator><credit>Gift of the estate of Emily Winthrop Miles</credit><description>&lt;p&gt;Object metadata can change over time, please check the Brooklyn Museum &lt;a href="http://www.brooklynmuseum.org/opencollection/objects/84208/Fox_Squirrel" rel="nofollow"&gt;object record&lt;/a&gt; for the latest information.&lt;/p&gt;</description><dimensions>21 x 27 in. (53.3 x 68.6 cm)</dimensions><mediatype>image</mediatype><medium>Lithograph</medium><rights>&lt;a href="http://www.brooklynmuseum.org/opencollection/objects/84208/Fox_Squirrel?reveal_elements=rights-statement#rights-statement" rel="nofollow"&gt;No known copyright restrictions&lt;/a&gt;</rights><title>Fox Squirrel</title><subject>art</subject><subject>American Art</subject><publicdate>2010-05-06 13:45:00</publicdate><uploader>webmaster@brooklynmuseum.org</uploader><addeddate>2010-05-06 13:45:00</addeddate></metadata>
