<?xml version="1.0" encoding="UTF-8"?>
<files>
  <file name="brooklynmuseum-o84212i000-64.98.53_bw_IMLS.jpg_meta.txt" source="original">
    <format>Metadata</format>
    <md5>352006a2d958fe194637d01e962a30cb</md5>
    <mtime>1273153559</mtime>
    <size>728</size>
    <crc32>22501740</crc32>
    <sha1>105c933a06e28e6cc5e573b9402b5056ae226262</sha1>
  </file>
  <file name="brooklynmuseum-o84212i000-64.98.53_bw_IMLS.jpg" source="original">
    <format>JPEG</format>
    <md5>8a335de2196e98511642c49544a8915d</md5>
    <mtime>1273153559</mtime>
    <size>111615</size>
    <crc32>81a70c55</crc32>
    <sha1>1d003e75cb7815452aad671514a79f7bfb2bc839</sha1>
  </file>
  <file name="brooklynmuseum-o84212i000-64.98.53_bw_IMLS_thumb.jpg" source="derivative">
    <format>JPEG Thumb</format>
    <original>brooklynmuseum-o84212i000-64.98.53_bw_IMLS.jpg</original>
    <md5>702b4913fe05d6df580e3eef909683e0</md5>
    <mtime>1273153603</mtime>
    <size>5338</size>
    <crc32>7f02052c</crc32>
    <sha1>52c450d9f3545c5258d15d63002903496934dea2</sha1>
  </file>
  <file name="brooklynmuseum-o84212-ocelot-or-leopard-cat_meta.xml" source="original">
    <format>Metadata</format>
    <mtime>1411694127</mtime>
    <size>1306</size>
    <md5>39e4d992f7750bb13bac3a7080d45a44</md5>
    <crc32>9cbd241f</crc32>
    <sha1>478a8cc72e6bb8fa731083ac07ec2493355f64f6</sha1>
  </file>
  <file name="brooklynmuseum-o84212-ocelot-or-leopard-cat_files.xml" source="original">
    <format>Metadata</format>
    <md5>f267ab1cbc14ca8867cc764da9f46fd9</md5>
  </file>
</files>
