<?xml version="1.0" encoding="UTF-8"?>
<metadata><identifier>brooklynmuseum-o84212-ocelot-or-leopard-cat</identifier><caption>John J. Audubon (American, 1785-1851). &lt;em&gt;Ocelot or Leopard-Cat&lt;/em&gt;. Lithograph, 27 x 21 in. (68.6 x 53.3 cm). Brooklyn Museum, Gift of the estate of Emily Winthrop Miles, 64.98.53</caption><collection>brooklynmuseum</collection><creator>John J. Audubon</creator><credit>Gift of the estate of Emily Winthrop Miles</credit><description>&lt;p&gt;Object metadata can change over time, please check the Brooklyn Museum &lt;a href="http://www.brooklynmuseum.org/opencollection/objects/84212/Ocelot_or_Leopard-Cat" rel="nofollow"&gt;object record&lt;/a&gt; for the latest information.&lt;/p&gt;</description><dimensions>27 x 21 in. (68.6 x 53.3 cm)</dimensions><mediatype>image</mediatype><medium>Lithograph</medium><rights>&lt;a href="http://www.brooklynmuseum.org/opencollection/objects/84212/Ocelot_or_Leopard-Cat?reveal_elements=rights-statement#rights-statement" rel="nofollow"&gt;No known copyright restrictions&lt;/a&gt;</rights><title>Ocelot or Leopard-Cat</title><subject>art</subject><subject>American Art</subject><publicdate>2010-05-06 13:45:36</publicdate><uploader>webmaster@brooklynmuseum.org</uploader><addeddate>2010-05-06 13:45:36</addeddate></metadata>
