<?xml version="1.0" encoding="UTF-8"?>
<files>
  <file name="brooklynmuseum-o84214i000-64.98.55_IMLS_PS4.jpg" source="original">
    <format>JPEG</format>
    <md5>cc42c2555692c41224e56322ba2275e7</md5>
    <mtime>1273153582</mtime>
    <size>84555</size>
    <crc32>ab483f00</crc32>
    <sha1>17dbf162b36b2899a63dc3a17b0fb81a2e433e86</sha1>
  </file>
  <file name="brooklynmuseum-o84214i000-64.98.55_IMLS_PS4_thumb.jpg" source="derivative">
    <format>JPEG Thumb</format>
    <original>brooklynmuseum-o84214i000-64.98.55_IMLS_PS4.jpg</original>
    <md5>1b86058a71bbc9814eac40f35752f2f4</md5>
    <mtime>1273153624</mtime>
    <size>4089</size>
    <crc32>def2ef4a</crc32>
    <sha1>2d3af722533ab8ec02e644accc3e450f256afd08</sha1>
  </file>
  <file name="brooklynmuseum-o84214i000-64.98.55_IMLS_PS4.jpg_meta.txt" source="original">
    <format>Metadata</format>
    <md5>5cdebf399ad97ff6ba629f08825098a0</md5>
    <mtime>1273153582</mtime>
    <size>721</size>
    <crc32>50873af1</crc32>
    <sha1>267f8ff50c2bcaa4296ade7b319745f3cc048541</sha1>
  </file>
  <file name="brooklynmuseum-o84214-says-squirrel_meta.xml" source="original">
    <format>Metadata</format>
    <mtime>1416696735</mtime>
    <size>1268</size>
    <md5>afcc805a9d7c6ed8ebead312e7e603b9</md5>
    <crc32>b6606c08</crc32>
    <sha1>4025ea8c57b859ef60945657be1398abf86553f6</sha1>
  </file>
  <file name="brooklynmuseum-o84214-says-squirrel_files.xml" source="original">
    <format>Metadata</format>
    <md5>b835073dadbe49e958636b878a310c84</md5>
  </file>
</files>
