<?xml version="1.0" encoding="UTF-8"?>
<metadata><identifier>brooklynmuseum-o84174-pileated-woodpecker</identifier><caption>John J. Audubon (American, 1785-1851). &lt;em&gt;Pileated Woodpecker&lt;/em&gt;, 1827-1838. Black-ink etching, aquatint and engraving toned by hand with opaque and transparent watercolors, Sheet: 38 1/2 x 26 in. (97.8 x 66 cm). Brooklyn Museum, Gift of the estate of Emily Winthrop Miles, 64.98.15</caption><collection>brooklynmuseum</collection><credit>Gift of the estate of Emily Winthrop Miles</credit><date>1827-1838</date><description>&lt;p&gt;Object metadata can change over time, please check the Brooklyn Museum &lt;a href="http://www.brooklynmuseum.org/opencollection/objects/84174/Pileated_Woodpecker" rel="nofollow"&gt;object record&lt;/a&gt; for the latest information.&lt;/p&gt;</description><dimensions>Sheet: 38 1/2 x 26 in. (97.8 x 66 cm)</dimensions><mediatype>image</mediatype><medium>Black-ink etching, aquatint and engraving toned by hand with opaque and transparent watercolors</medium><rights>&lt;a href="http://www.brooklynmuseum.org/opencollection/objects/84174/Pileated_Woodpecker?reveal_elements=rights-statement#rights-statement" rel="nofollow"&gt;No known copyright restrictions&lt;/a&gt;</rights><title>Pileated Woodpecker</title><creator>John J. Audubon</creator><subject>art</subject><creator>Robert Havell Jr.</creator><subject>American Art</subject><publicdate>2010-05-06 13:35:03</publicdate><uploader>webmaster@brooklynmuseum.org</uploader><addeddate>2010-05-06 13:35:03</addeddate></metadata>
