<?xml version="1.0" encoding="UTF-8"?>
<files>
  <file name="brooklynmuseum-o84174i000-64.98.15_PS2.jpg" source="original">
    <format>JPEG</format>
    <md5>9a3ce31a313a93c6db71d047ce47116d</md5>
    <mtime>1273152926</mtime>
    <size>89097</size>
    <crc32>fe6b218</crc32>
    <sha1>d146c5a65a4472e58eb0f841467374092d5d4395</sha1>
  </file>
  <file name="brooklynmuseum-o84174i000-64.98.15_PS2_thumb.jpg" source="derivative">
    <format>JPEG Thumb</format>
    <original>brooklynmuseum-o84174i000-64.98.15_PS2.jpg</original>
    <md5>78828c65377122e8a8b92da119195f63</md5>
    <mtime>1273152966</mtime>
    <size>5177</size>
    <crc32>7fe45acc</crc32>
    <sha1>3d81744d050dfc81ad5e8f0bdb39d567c55b38e2</sha1>
  </file>
  <file name="brooklynmuseum-o84174i000-64.98.15_PS2.jpg_meta.txt" source="original">
    <format>Metadata</format>
    <md5>ae07581f74cacfee896c15a82a894eb8</md5>
    <mtime>1273152926</mtime>
    <size>852</size>
    <crc32>95ed1fa9</crc32>
    <sha1>4703a74a6678901e14e007c34afe451dff4ca2a5</sha1>
  </file>
  <file name="brooklynmuseum-o84174-pileated-woodpecker_meta.xml" source="original">
    <format>Metadata</format>
    <mtime>1417447017</mtime>
    <size>1553</size>
    <md5>d4850a1e51aa61bfd562abde0f103ff7</md5>
    <crc32>72f9c4c5</crc32>
    <sha1>3358e3c2c940b17f5bac79184325b88b6c06c483</sha1>
  </file>
  <file name="brooklynmuseum-o84174-pileated-woodpecker_files.xml" source="original">
    <format>Metadata</format>
    <md5>c0a486022629bebd4d81a5e1776e88bc</md5>
  </file>
</files>
