<?xml version="1.0" encoding="UTF-8"?>
<files>
  <file name="brooklynmuseum-o84164i000-64.98.5_PS2.jpg_meta.txt" source="original">
    <format>Metadata</format>
    <md5>4802400d36e74d40f8264f6e43650a33</md5>
    <mtime>1273103457</mtime>
    <size>767</size>
    <crc32>cfdd5632</crc32>
    <sha1>f234dd8a6c6c8e62fa016a48813ae442d66c0821</sha1>
  </file>
  <file name="brooklynmuseum-o84164i000-64.98.5_PS2_thumb.jpg" source="derivative">
    <format>JPEG Thumb</format>
    <original>brooklynmuseum-o84164i000-64.98.5_PS2.jpg</original>
    <md5>ba16d41caa2c7264d4b8b9335fea61a2</md5>
    <mtime>1273103499</mtime>
    <size>5030</size>
    <crc32>ce22c035</crc32>
    <sha1>e05e2b617db304360fac27cb774a5488c59fbe37</sha1>
  </file>
  <file name="brooklynmuseum-o84164i000-64.98.5_PS2.jpg" source="original">
    <format>JPEG</format>
    <md5>3ac07e5dbfc404e17decead7bfb0e112</md5>
    <mtime>1273103457</mtime>
    <size>111322</size>
    <crc32>aee0f8c9</crc32>
    <sha1>07d39e8ef1134b9d7a6be4d8247c2e0a2ea21ea7</sha1>
  </file>
  <file name="brooklynmuseum-o84164-great-american-hen-and-young_meta.xml" source="original">
    <format>Metadata</format>
    <mtime>1416881998</mtime>
    <size>1402</size>
    <md5>49e16ca49673ca09d1bec6d4bd5beb03</md5>
    <crc32>23cf2295</crc32>
    <sha1>810156d4cc4fb2a110dbda46c017f657a9d8323c</sha1>
  </file>
  <file name="brooklynmuseum-o84164-great-american-hen-and-young_files.xml" source="original">
    <format>Metadata</format>
    <md5>e51bd6bad51788facaade892eac9a12a</md5>
  </file>
</files>
