<?xml version="1.0" encoding="UTF-8"?>
<metadata><identifier>brooklynmuseum-o84164-great-american-hen-and-young</identifier><caption>John J. Audubon (American, 1785-1851). &lt;em&gt;Great American Hen and Young&lt;/em&gt;. Aquatint, Sheet: 26 1/4 x 39 3/4 in. (66.7 x 101 cm). Brooklyn Museum, Gift of the estate of Emily Winthrop Miles, 64.98.5</caption><collection>brooklynmuseum</collection><credit>Gift of the estate of Emily Winthrop Miles</credit><description>&lt;p&gt;Object metadata can change over time, please check the Brooklyn Museum &lt;a href="http://www.brooklynmuseum.org/opencollection/objects/84164/Great_American_Hen_and_Young" rel="nofollow"&gt;object record&lt;/a&gt; for the latest information.&lt;/p&gt;</description><dimensions>Sheet: 26 1/4 x 39 3/4 in. (66.7 x 101 cm)</dimensions><mediatype>image</mediatype><medium>Aquatint</medium><rights>&lt;a href="http://www.brooklynmuseum.org/opencollection/objects/84164/Great_American_Hen_and_Young?reveal_elements=rights-statement#rights-statement" rel="nofollow"&gt;No known copyright restrictions&lt;/a&gt;</rights><title>Great American Hen and Young</title><creator>John J. Audubon</creator><subject>art</subject><creator>William Home Lizars</creator><subject>American Art</subject><publicdate>2010-05-05 23:50:45</publicdate><uploader>webmaster@brooklynmuseum.org</uploader><addeddate>2010-05-05 23:50:45</addeddate></metadata>
