<?xml version="1.0" encoding="UTF-8"?>
<files>
  <file name="brooklynmuseum-o84162i000-64.98.3_PS1.jpg_meta.txt" source="original">
    <format>Metadata</format>
    <md5>48b1f4369e37ca3e54305bd2d2b03102</md5>
    <mtime>1273103419</mtime>
    <size>763</size>
    <crc32>12b9c379</crc32>
    <sha1>61c528518d6878b5f261b966ffb3f2b9ffde5a9f</sha1>
  </file>
  <file name="brooklynmuseum-o84162i000-64.98.3_PS1.jpg" source="original">
    <format>JPEG</format>
    <md5>54e25fdb4e3c9aa8653e7cbd3f0c8a79</md5>
    <mtime>1273103419</mtime>
    <size>81694</size>
    <crc32>b2105d87</crc32>
    <sha1>6e4a772a00a4d88aed04bbcad4919460bd05e125</sha1>
  </file>
  <file name="brooklynmuseum-o84162i000-64.98.3_PS1_thumb.jpg" source="derivative">
    <format>JPEG Thumb</format>
    <original>brooklynmuseum-o84162i000-64.98.3_PS1.jpg</original>
    <md5>d9a854176f8c77c8bb2391d377755d24</md5>
    <mtime>1273103458</mtime>
    <size>4807</size>
    <crc32>de98d027</crc32>
    <sha1>8614841cc329ed95bfa1b2603a96b230c964c1c4</sha1>
  </file>
  <file name="brooklynmuseum-o84162-american-robin_meta.xml" source="original">
    <format>Metadata</format>
    <mtime>1415928181</mtime>
    <size>1363</size>
    <md5>8b776b83f65130ba80556b2d6af2bf34</md5>
    <crc32>2d277db3</crc32>
    <sha1>7badb9a2d3b2f5ff010cab9817cceef0b9c8a765</sha1>
  </file>
  <file name="brooklynmuseum-o84162-american-robin_files.xml" source="original">
    <format>Metadata</format>
    <md5>54527e106bb71c90b67325ef7bf76b46</md5>
  </file>
</files>
