<?xml version="1.0" encoding="UTF-8"?>
<metadata><identifier>brooklynmuseum-o84162-american-robin</identifier><caption>John J. Audubon (American, 1785-1851). &lt;em&gt;American Robin&lt;/em&gt;, 1832. Aquatint in color, approx.: 27 x 40 in. (68.6 x 101.6 cm). Brooklyn Museum, Gift of the estate of Emily Winthrop Miles, 64.98.3</caption><collection>brooklynmuseum</collection><credit>Gift of the estate of Emily Winthrop Miles</credit><date>1832</date><description>&lt;p&gt;Object metadata can change over time, please check the Brooklyn Museum &lt;a href="http://www.brooklynmuseum.org/opencollection/objects/84162/American_Robin" rel="nofollow"&gt;object record&lt;/a&gt; for the latest information.&lt;/p&gt;</description><dimensions>approx.: 27 x 40 in. (68.6 x 101.6 cm)</dimensions><mediatype>image</mediatype><medium>Aquatint in color</medium><rights>&lt;a href="http://www.brooklynmuseum.org/opencollection/objects/84162/American_Robin?reveal_elements=rights-statement#rights-statement" rel="nofollow"&gt;No known copyright restrictions&lt;/a&gt;</rights><title>American Robin</title><creator>John J. Audubon</creator><subject>art</subject><creator>Robert Havell Jr.</creator><subject>American Art</subject><publicdate>2010-05-05 23:49:56</publicdate><uploader>webmaster@brooklynmuseum.org</uploader><addeddate>2010-05-05 23:49:56</addeddate></metadata>
