<?xml version="1.0" encoding="UTF-8"?>
<files>
  <file name="brooklynmuseum-o84190i000-64.98.31_bw_IMLS_thumb.jpg" source="derivative">
    <format>JPEG Thumb</format>
    <original>brooklynmuseum-o84190i000-64.98.31_bw_IMLS.jpg</original>
    <md5>fb748378bd252d6c211c2cec6ad7651e</md5>
    <mtime>1273153265</mtime>
    <size>5566</size>
    <crc32>4a40767</crc32>
    <sha1>0086d575380cf8e367bfc8d8cf8a013fea5851da</sha1>
  </file>
  <file name="brooklynmuseum-o84190i000-64.98.31_bw_IMLS.jpg" source="original">
    <format>JPEG</format>
    <md5>c806d0f7ff805df214ab1be52080ee52</md5>
    <mtime>1273153204</mtime>
    <size>124992</size>
    <crc32>df00bbf9</crc32>
    <sha1>e057c01ef459b00358bafc48a4eec2a85969cf44</sha1>
  </file>
  <file name="brooklynmuseum-o84190i000-64.98.31_bw_IMLS.jpg_meta.txt" source="original">
    <format>Metadata</format>
    <md5>38f4e97ed1a0788829f6e071a8e13131</md5>
    <mtime>1273153204</mtime>
    <size>719</size>
    <crc32>6a8ef3c2</crc32>
    <sha1>96bac6740e99e89629e1162780ab4c1524c09cfc</sha1>
  </file>
  <file name="brooklynmuseum-o84190-grey-fox_meta.xml" source="original">
    <format>Metadata</format>
    <mtime>1417659459</mtime>
    <size>1249</size>
    <md5>ec36515453a9715a0119628679a41333</md5>
    <crc32>c23b7d46</crc32>
    <sha1>7fbc6a72c7e8197af7e926d4241f1924594a3a82</sha1>
  </file>
  <file name="brooklynmuseum-o84190-grey-fox_files.xml" source="original">
    <format>Metadata</format>
    <md5>c04d671b9e9421c752c5ae10ea771c90</md5>
  </file>
</files>
