<?xml version="1.0" encoding="UTF-8"?>
<metadata><identifier>brooklynmuseum-o84190-grey-fox</identifier><caption>John J. Audubon (American, 1785-1851). &lt;em&gt;Grey Fox&lt;/em&gt;. Lithograph, 21 7/8 x 28 in. (55.6 x 71.1 cm). Brooklyn Museum, Gift of the estate of Emily Winthrop Miles, 64.98.31</caption><collection>brooklynmuseum</collection><creator>John J. Audubon</creator><credit>Gift of the estate of Emily Winthrop Miles</credit><description>&lt;p&gt;Object metadata can change over time, please check the Brooklyn Museum &lt;a href="http://www.brooklynmuseum.org/opencollection/objects/84190/Grey_Fox" rel="nofollow"&gt;object record&lt;/a&gt; for the latest information.&lt;/p&gt;</description><dimensions>21 7/8 x 28 in. (55.6 x 71.1 cm)</dimensions><mediatype>image</mediatype><medium>Lithograph</medium><rights>&lt;a href="http://www.brooklynmuseum.org/opencollection/objects/84190/Grey_Fox?reveal_elements=rights-statement#rights-statement" rel="nofollow"&gt;No known copyright restrictions&lt;/a&gt;</rights><title>Grey Fox</title><subject>art</subject><subject>American Art</subject><publicdate>2010-05-06 13:39:53</publicdate><uploader>webmaster@brooklynmuseum.org</uploader><addeddate>2010-05-06 13:39:53</addeddate></metadata>
