<?xml version="1.0" encoding="UTF-8"?>
<files>
  <file name="brooklynmuseum-o84171i000-64.98.12_PS2.jpg" source="original">
    <format>JPEG</format>
    <md5>ca6426deb332895ecea50eae164386e8</md5>
    <mtime>1273152866</mtime>
    <size>100077</size>
    <crc32>13180980</crc32>
    <sha1>907b1beeb41c93aee701d860071daa138d7f5cf6</sha1>
  </file>
  <file name="brooklynmuseum-o84171i000-64.98.12_PS2.jpg_meta.txt" source="original">
    <format>Metadata</format>
    <md5>e69a9609f4bc4c6e80ca9cc188bc9527</md5>
    <mtime>1273152866</mtime>
    <size>854</size>
    <crc32>38cdfc45</crc32>
    <sha1>2e5e43fc43dbf267f19c0c8729c2d3b09ff4e94a</sha1>
  </file>
  <file name="brooklynmuseum-o84171i000-64.98.12_PS2_thumb.jpg" source="derivative">
    <format>JPEG Thumb</format>
    <original>brooklynmuseum-o84171i000-64.98.12_PS2.jpg</original>
    <md5>98450f641031754d51b48c510358dd80</md5>
    <mtime>1273152904</mtime>
    <size>4900</size>
    <crc32>797c36af</crc32>
    <sha1>20b5726881e041cad25509933d530da1e2472e88</sha1>
  </file>
  <file name="brooklynmuseum-o84171-purple-grackle_meta.xml" source="original">
    <format>Metadata</format>
    <mtime>1416340362</mtime>
    <size>1578</size>
    <md5>e3e9cf5a04283b785f2d6261f7d37346</md5>
    <crc32>8f16ad5f</crc32>
    <sha1>a10632d16ece3c52361d8d2c4ca3b16d28712046</sha1>
  </file>
  <file name="brooklynmuseum-o84171-purple-grackle_files.xml" source="original">
    <format>Metadata</format>
    <md5>c7a77277017499f338213b9325fd9eb9</md5>
  </file>
</files>
