<?xml version="1.0" encoding="UTF-8"?>
<files>
  <file name="brooklynmuseum-o84168i000-64.98.9_PS2.jpg" source="original">
    <format>JPEG</format>
    <md5>9e0e7ee7560da413b65edac3079b645c</md5>
    <mtime>1273152808</mtime>
    <size>65059</size>
    <crc32>68b95b35</crc32>
    <sha1>30b8592c4e1bb518f04550c86a63c6256f745a76</sha1>
  </file>
  <file name="brooklynmuseum-o84168i000-64.98.9_PS2.jpg_meta.txt" source="original">
    <format>Metadata</format>
    <md5>4d6ac0380f70d1afe348ee9d65a40361</md5>
    <mtime>1273152808</mtime>
    <size>742</size>
    <crc32>5c6c8f71</crc32>
    <sha1>376fe4b99f1786deb4e8df502450b920274f76b1</sha1>
  </file>
  <file name="brooklynmuseum-o84168i000-64.98.9_PS2_thumb.jpg" source="derivative">
    <format>JPEG Thumb</format>
    <original>brooklynmuseum-o84168i000-64.98.9_PS2.jpg</original>
    <md5>721e4c589ca55b83739248ad58631ce9</md5>
    <mtime>1273152855</mtime>
    <size>3634</size>
    <crc32>f6b3053e</crc32>
    <sha1>efb29db16fb5b5c6bbd2fdb323fdc4aacbc42287</sha1>
  </file>
  <file name="brooklynmuseum-o84168-fish-hawk_meta.xml" source="original">
    <format>Metadata</format>
    <mtime>1417077240</mtime>
    <size>1295</size>
    <md5>9521b799e1d019d364bf014fa85b8ac7</md5>
    <crc32>7926631e</crc32>
    <sha1>430037748b3f103c6939994495df0a5f8363b1d1</sha1>
  </file>
  <file name="brooklynmuseum-o84168-fish-hawk_files.xml" source="original">
    <format>Metadata</format>
    <md5>d49a7a83793d200a77f4f8f3ae4b6bb9</md5>
  </file>
</files>
