<?xml version="1.0" encoding="UTF-8"?>
<metadata><identifier>brooklynmuseum-o84168-fish-hawk</identifier><caption>John J. Audubon (American, 1785-1851). &lt;em&gt;Fish Hawk&lt;/em&gt;. Aquatint, Sheet: 37 3/4 x 24 in. (95.9 x 61 cm). Brooklyn Museum, Gift of the estate of Emily Winthrop Miles, 64.98.9</caption><collection>brooklynmuseum</collection><credit>Gift of the estate of Emily Winthrop Miles</credit><description>&lt;p&gt;Object metadata can change over time, please check the Brooklyn Museum &lt;a href="http://www.brooklynmuseum.org/opencollection/objects/84168/Fish_Hawk" rel="nofollow"&gt;object record&lt;/a&gt; for the latest information.&lt;/p&gt;</description><dimensions>Sheet: 37 3/4 x 24 in. (95.9 x 61 cm)</dimensions><mediatype>image</mediatype><medium>Aquatint</medium><rights>&lt;a href="http://www.brooklynmuseum.org/opencollection/objects/84168/Fish_Hawk?reveal_elements=rights-statement#rights-statement" rel="nofollow"&gt;No known copyright restrictions&lt;/a&gt;</rights><title>Fish Hawk</title><creator>John J. Audubon</creator><subject>art</subject><creator>Robert Havell Jr.</creator><subject>American Art</subject><publicdate>2010-05-06 13:33:05</publicdate><uploader>webmaster@brooklynmuseum.org</uploader><addeddate>2010-05-06 13:33:05</addeddate></metadata>
