<?xml version="1.0" encoding="UTF-8"?>
<files>
  <file name="brooklynmuseum-o84216i000-64.98.57_IMLS_PS4_thumb.jpg" source="derivative">
    <format>JPEG Thumb</format>
    <original>brooklynmuseum-o84216i000-64.98.57_IMLS_PS4.jpg</original>
    <md5>a12841d3eda53090f214a08365c8b071</md5>
    <mtime>1273153649</mtime>
    <size>4174</size>
    <crc32>a33eb9c3</crc32>
    <sha1>8e9c3a4b24464cfa7867a56951e210bb08c7b6eb</sha1>
  </file>
  <file name="brooklynmuseum-o84216i000-64.98.57_IMLS_PS4.jpg_meta.txt" source="original">
    <format>Metadata</format>
    <md5>0bd987c0bdf99c5f3f5e31facbc37ddc</md5>
    <mtime>1273153605</mtime>
    <size>717</size>
    <crc32>4252c47f</crc32>
    <sha1>b8fe8b275645c095272d11fe38732246cb093c19</sha1>
  </file>
  <file name="brooklynmuseum-o84216i000-64.98.57_IMLS_PS4.jpg" source="original">
    <format>JPEG</format>
    <md5>bf59a5149e7ad91ca9fcc7695f0bcb77</md5>
    <mtime>1273153605</mtime>
    <size>77764</size>
    <crc32>2dc3de96</crc32>
    <sha1>dfb4e3d6927ea13fda11d87e8664c613f344fa10</sha1>
  </file>
  <file name="brooklynmuseum-o84216-texan-lynx_meta.xml" source="original">
    <format>Metadata</format>
    <mtime>1415754082</mtime>
    <size>1251</size>
    <md5>53de906bb52211a753e0a4eb003d0540</md5>
    <crc32>98ce1c7a</crc32>
    <sha1>8997ede11e0fa6aa003c8a3b55c288aa58a13837</sha1>
  </file>
  <file name="brooklynmuseum-o84216-texan-lynx_files.xml" source="original">
    <format>Metadata</format>
    <md5>456d1ff5dda7754af881cb61fbb951f1</md5>
  </file>
</files>
