<?xml version="1.0" encoding="UTF-8"?>
<files>
  <file name="brooklynmuseum-o84163i000-64.98.4_PS1.jpg_meta.txt" source="original">
    <format>Metadata</format>
    <md5>b4b915c0c8c5fa0f499eafd6d3cc5ecf</md5>
    <mtime>1273103444</mtime>
    <size>763</size>
    <crc32>31530c68</crc32>
    <sha1>3ea9a3df7186426d5eb048ccbe3fa6644fbfb02b</sha1>
  </file>
  <file name="brooklynmuseum-o84163i000-64.98.4_PS1.jpg" source="original">
    <format>JPEG</format>
    <md5>ec70decc70a50141fe220780477269ad</md5>
    <mtime>1273103444</mtime>
    <size>107562</size>
    <crc32>432a23de</crc32>
    <sha1>35b8a2eb172976a87d48f8a42335cde4fe4a1f3d</sha1>
  </file>
  <file name="brooklynmuseum-o84163i000-64.98.4_PS1_thumb.jpg" source="derivative">
    <format>JPEG Thumb</format>
    <original>brooklynmuseum-o84163i000-64.98.4_PS1.jpg</original>
    <md5>5f1b6f60f724d86d5fd75a9a5c107bc8</md5>
    <mtime>1273124464</mtime>
    <size>4927</size>
    <crc32>f110478b</crc32>
    <sha1>d743b9e98ca63a222dc421173283f3d446c89858</sha1>
  </file>
  <file name="brooklynmuseum-o84163-great-american-cock_meta.xml" source="original">
    <format>Metadata</format>
    <mtime>1415498980</mtime>
    <size>1367</size>
    <md5>907158fe9eebf8904a6147fd91b5d06c</md5>
    <crc32>d30a2a42</crc32>
    <sha1>ab81f9692c71de18234f52f67b81fd071ca325f3</sha1>
  </file>
  <file name="brooklynmuseum-o84163-great-american-cock_files.xml" source="original">
    <format>Metadata</format>
    <md5>43efca03cd747961129720244438f9c0</md5>
  </file>
</files>
