<?xml version="1.0" encoding="UTF-8"?>
<files>
  <file name="brooklynmuseum-o84211i000-64.98.52_IMLS_PS4_thumb.jpg" source="derivative">
    <format>JPEG Thumb</format>
    <original>brooklynmuseum-o84211i000-64.98.52_IMLS_PS4.jpg</original>
    <md5>51a9d7aa28dad1d573178d0e8709ad80</md5>
    <mtime>1273153577</mtime>
    <size>3673</size>
    <crc32>cfba545b</crc32>
    <sha1>e3384cfbdfe257a8b0c293d3f6eac4b3eca0a8d3</sha1>
  </file>
  <file name="brooklynmuseum-o84211i000-64.98.52_IMLS_PS4.jpg_meta.txt" source="original">
    <format>Metadata</format>
    <md5>313e540edc0cb3f92e23f66fa4b9ab11</md5>
    <mtime>1273153535</mtime>
    <size>720</size>
    <crc32>afc84ba6</crc32>
    <sha1>61855ec640c1484c0ca4af07046509599908aa1c</sha1>
  </file>
  <file name="brooklynmuseum-o84211i000-64.98.52_IMLS_PS4.jpg" source="original">
    <format>JPEG</format>
    <md5>7577a7a44841559b765af981b6efc59f</md5>
    <mtime>1273153535</mtime>
    <size>62524</size>
    <crc32>7688f514</crc32>
    <sha1>91fa5057cc0df88c64fdefc92ffec6c6c2262d99</sha1>
  </file>
  <file name="brooklynmuseum-o84211-jumping-mouse_meta.xml" source="original">
    <format>Metadata</format>
    <mtime>1417509151</mtime>
    <size>1266</size>
    <md5>55d75b81e2f5bece374ac7ad4699ec4a</md5>
    <crc32>9e04ab81</crc32>
    <sha1>bb769a41eb27caef15762d5bfa585fd0a7631b6b</sha1>
  </file>
  <file name="brooklynmuseum-o84211-jumping-mouse_files.xml" source="original">
    <format>Metadata</format>
    <md5>92b68b1fef60f70a7e33fdeef207f4aa</md5>
  </file>
</files>
