<?xml version="1.0" encoding="UTF-8"?>
<files>
  <file name="brooklynmuseum-o84230i000-64.98.71_IMLS_PS4.jpg_meta.txt" source="original">
    <format>Metadata</format>
    <md5>90a4d14f1ca8d3592605606276799c20</md5>
    <mtime>1273153720</mtime>
    <size>766</size>
    <crc32>26636eff</crc32>
    <sha1>349f033de6a1ed3b63169e8bf9880d44e7f6698a</sha1>
  </file>
  <file name="brooklynmuseum-o84230i000-64.98.71_IMLS_PS4.jpg" source="original">
    <format>JPEG</format>
    <md5>0a0d47b2342c503e2f561fa7a1bfa002</md5>
    <mtime>1273153720</mtime>
    <size>97671</size>
    <crc32>e615aedf</crc32>
    <sha1>9b883603f3224337b2eb1436ba94f065f5326619</sha1>
  </file>
  <file name="brooklynmuseum-o84230i000-64.98.71_IMLS_PS4_thumb.jpg" source="derivative">
    <format>JPEG Thumb</format>
    <original>brooklynmuseum-o84230i000-64.98.71_IMLS_PS4.jpg</original>
    <md5>b719ed960723b994fdd0797a0b540008</md5>
    <mtime>1273153762</mtime>
    <size>5164</size>
    <crc32>8ffa55fe</crc32>
    <sha1>0f69362c41062630224e9fd0e8efc0ec8c44a637</sha1>
  </file>
  <file name="brooklynmuseum-o84230-severn-river-flying-squirrel-rocky_meta.xml" source="original">
    <format>Metadata</format>
    <mtime>1417389265</mtime>
    <size>1471</size>
    <md5>d1ef977b01e5cc318f8a6d5391fad983</md5>
    <crc32>6d52b610</crc32>
    <sha1>76f1ead9caa964d2a082e6edcecd22ce077335a8</sha1>
  </file>
  <file name="brooklynmuseum-o84230-severn-river-flying-squirrel-rocky_files.xml" source="original">
    <format>Metadata</format>
    <md5>d8cea7eefde0818369a9298ab2faebbf</md5>
  </file>
</files>
