<?xml version="1.0" encoding="UTF-8"?>
<files>
  <file name="brooklynmuseum-o84178i000-64.98.19_PS1_thumb.jpg" source="derivative">
    <format>JPEG Thumb</format>
    <original>brooklynmuseum-o84178i000-64.98.19_PS1.jpg</original>
    <md5>d2d38d4a637ccc64275753ea3facf8cb</md5>
    <mtime>1273153036</mtime>
    <size>3812</size>
    <crc32>73aa89</crc32>
    <sha1>713d9b305baa59d5f0d1aed4292948bf377885b3</sha1>
  </file>
  <file name="brooklynmuseum-o84178i000-64.98.19_PS1.jpg_meta.txt" source="original">
    <format>Metadata</format>
    <md5>a566900e4cd02be0d1e91ca62f5bd937</md5>
    <mtime>1273152997</mtime>
    <size>746</size>
    <crc32>845ed9cc</crc32>
    <sha1>a37d2a058f5201d456014ae86c1751fe6f9732fd</sha1>
  </file>
  <file name="brooklynmuseum-o84178i000-64.98.19_PS1.jpg" source="original">
    <format>JPEG</format>
    <md5>3c1182d90a30ec0bda7520b5fb3b2b0c</md5>
    <mtime>1273152997</mtime>
    <size>65267</size>
    <crc32>c362d819</crc32>
    <sha1>66453f4079a6d5df38a6158c80c5b9ae379dabbc</sha1>
  </file>
  <file name="brooklynmuseum-o84178-barred-owl_meta.xml" source="original">
    <format>Metadata</format>
    <mtime>1415477764</mtime>
    <size>1303</size>
    <md5>869406d6681812c8bfd356b5fe7d3bdc</md5>
    <crc32>20e1e0e3</crc32>
    <sha1>58b6471a00a50394a27a587c19819311c2711ac3</sha1>
  </file>
  <file name="brooklynmuseum-o84178-barred-owl_files.xml" source="original">
    <format>Metadata</format>
    <md5>008bca9fa87705f850927dc54d941ed2</md5>
  </file>
</files>
