<?xml version="1.0" encoding="UTF-8"?>
<files>
  <file name="brooklynmuseum-o84161i000-64.98.2_PS2_thumb.jpg" source="derivative">
    <format>JPEG Thumb</format>
    <original>brooklynmuseum-o84161i000-64.98.2_PS2.jpg</original>
    <md5>22eb14ae28d94d7ab0fdcb1bebe95775</md5>
    <mtime>1273103435</mtime>
    <size>4751</size>
    <crc32>9d22a13</crc32>
    <sha1>a558f74fe613f1c260833201b6f58b48767d7a2d</sha1>
  </file>
  <file name="brooklynmuseum-o84161i000-64.98.2_PS2.jpg" source="original">
    <format>JPEG</format>
    <md5>41eab2a7db8976218c1955b70a3d2a0f</md5>
    <mtime>1273103395</mtime>
    <size>89569</size>
    <crc32>319573fb</crc32>
    <sha1>d2470066778cae4f969bfc157b4c8c1a87cbcd57</sha1>
  </file>
  <file name="brooklynmuseum-o84161i000-64.98.2_PS2.jpg_meta.txt" source="original">
    <format>Metadata</format>
    <md5>b3bf1a0aa422e8f43952c8154f1d68ad</md5>
    <mtime>1273103395</mtime>
    <size>751</size>
    <crc32>83f80756</crc32>
    <sha1>ad6928e47926c8115faee00f7b16155d8d1bbf14</sha1>
  </file>
  <file name="brooklynmuseum-o84161-canada-goose_meta.xml" source="original">
    <format>Metadata</format>
    <mtime>1416456021</mtime>
    <size>1322</size>
    <md5>19563c085f18b041c746ac1f8ccff752</md5>
    <crc32>f62a8028</crc32>
    <sha1>88ffc93acb7a0143ebc90c64578de32654386a8b</sha1>
  </file>
  <file name="brooklynmuseum-o84161-canada-goose_files.xml" source="original">
    <format>Metadata</format>
    <md5>a5f4a2f4dbf47e665bca460c25ac6bd9</md5>
  </file>
</files>
