<?xml version="1.0" encoding="UTF-8"?>
<metadata><identifier>brooklynmuseum-o84161-canada-goose</identifier><caption>John J. Audubon (American, 1785-1851). &lt;em&gt;Canada Goose&lt;/em&gt;. Aquatint, Sheet: 35 3/4 x 24 3/4 in. (90.8 x 62.9 cm). Brooklyn Museum, Gift of the estate of Emily Winthrop Miles, 64.98.2</caption><collection>brooklynmuseum</collection><credit>Gift of the estate of Emily Winthrop Miles</credit><description>&lt;p&gt;Object metadata can change over time, please check the Brooklyn Museum &lt;a href="http://www.brooklynmuseum.org/opencollection/objects/84161/Canada_Goose" rel="nofollow"&gt;object record&lt;/a&gt; for the latest information.&lt;/p&gt;</description><dimensions>Sheet: 35 3/4 x 24 3/4 in. (90.8 x 62.9 cm)</dimensions><mediatype>image</mediatype><medium>Aquatint</medium><rights>&lt;a href="http://www.brooklynmuseum.org/opencollection/objects/84161/Canada_Goose?reveal_elements=rights-statement#rights-statement" rel="nofollow"&gt;No known copyright restrictions&lt;/a&gt;</rights><title>Canada Goose</title><creator>John J. Audubon</creator><subject>art</subject><creator>Robert Havell Jr.</creator><subject>American Art</subject><publicdate>2010-05-05 23:49:44</publicdate><uploader>webmaster@brooklynmuseum.org</uploader><addeddate>2010-05-05 23:49:44</addeddate></metadata>
