<?xml version="1.0" encoding="UTF-8"?>
<files>
  <file name="brooklynmuseum-o84166i000-64.98.7_PS2.jpg" source="original">
    <format>JPEG</format>
    <md5>8f837fc4f0566506a74a70fd965df074</md5>
    <mtime>1273152761</mtime>
    <size>84999</size>
    <crc32>6a1dbbff</crc32>
    <sha1>3b5159afb871024448115b0d290b90ee200f97e0</sha1>
  </file>
  <file name="brooklynmuseum-o84166i000-64.98.7_PS2.jpg_meta.txt" source="original">
    <format>Metadata</format>
    <md5>25f660aa732126d024aa32a0e1544f04</md5>
    <mtime>1273152761</mtime>
    <size>856</size>
    <crc32>adef3df6</crc32>
    <sha1>05cfa00552ca81625c648f215a10d42ab32f74e8</sha1>
  </file>
  <file name="brooklynmuseum-o84166i000-64.98.7_PS2_thumb.jpg" source="derivative">
    <format>JPEG Thumb</format>
    <original>brooklynmuseum-o84166i000-64.98.7_PS2.jpg</original>
    <md5>2a1a8204d9446527574e3cf438499ffc</md5>
    <mtime>1273152805</mtime>
    <size>5089</size>
    <crc32>ff382782</crc32>
    <sha1>c2d72bfadcb70a6364388d9539c8b30a7cd20da2</sha1>
  </file>
  <file name="brooklynmuseum-o84166-summer-or-wood-duck_meta.xml" source="original">
    <format>Metadata</format>
    <mtime>1417190837</mtime>
    <size>1564</size>
    <md5>da50a82eb28f2416185b75298ca91f21</md5>
    <crc32>f9b9aeca</crc32>
    <sha1>f5351d51dd66ae3233279a430373bee4fd10664f</sha1>
  </file>
  <file name="brooklynmuseum-o84166-summer-or-wood-duck_files.xml" source="original">
    <format>Metadata</format>
    <md5>049faa26e4404883cf7db02a91059e68</md5>
  </file>
</files>
