<?xml version="1.0" encoding="UTF-8"?>
<metadata><identifier>brooklynmuseum-o84166-summer-or-wood-duck</identifier><caption>John J. Audubon (American, 1785-1851). &lt;em&gt;Summer or Wood Duck&lt;/em&gt;, 1827-1838. Black-ink etching, aquatint and engraving toned by hand with opaque and transparent watercolors, Sheet: 38 1/2 x 25 3/4 in. (97.8 x 65.4 cm). Brooklyn Museum, Gift of the estate of Emily Winthrop Miles, 64.98.7</caption><collection>brooklynmuseum</collection><credit>Gift of the estate of Emily Winthrop Miles</credit><date>1827-1838</date><description>&lt;p&gt;Object metadata can change over time, please check the Brooklyn Museum &lt;a href="http://www.brooklynmuseum.org/opencollection/objects/84166/Summer_or_Wood_Duck" rel="nofollow"&gt;object record&lt;/a&gt; for the latest information.&lt;/p&gt;</description><dimensions>Sheet: 38 1/2 x 25 3/4 in. (97.8 x 65.4 cm)</dimensions><mediatype>image</mediatype><medium>Black-ink etching, aquatint and engraving toned by hand with opaque and transparent watercolors</medium><rights>&lt;a href="http://www.brooklynmuseum.org/opencollection/objects/84166/Summer_or_Wood_Duck?reveal_elements=rights-statement#rights-statement" rel="nofollow"&gt;No known copyright restrictions&lt;/a&gt;</rights><title>Summer or Wood Duck</title><creator>John J. Audubon</creator><subject>art</subject><creator>Robert Havell Jr.</creator><subject>American Art</subject><publicdate>2010-05-06 13:32:30</publicdate><uploader>webmaster@brooklynmuseum.org</uploader><addeddate>2010-05-06 13:32:30</addeddate></metadata>
