<?xml version="1.0" encoding="UTF-8"?>
<files>
  <file name="brooklynmuseum-o84172i000-64.98.13_PS1.jpg" source="original">
    <format>JPEG</format>
    <md5>104344b0aba44decd0dc893b8fd1c4b6</md5>
    <mtime>1273152890</mtime>
    <size>69063</size>
    <crc32>b48ca3cd</crc32>
    <sha1>cd64793f9ef87a39d3803010352863a6b5b9a085</sha1>
  </file>
  <file name="brooklynmuseum-o84172i000-64.98.13_PS1.jpg_meta.txt" source="original">
    <format>Metadata</format>
    <md5>a490f16972b38a6015ba8d2ad2cd9f43</md5>
    <mtime>1273152890</mtime>
    <size>747</size>
    <crc32>23eb27f2</crc32>
    <sha1>0033440f605f09ac1a4d5ea2bdb35f575328998a</sha1>
  </file>
  <file name="brooklynmuseum-o84172i000-64.98.13_PS1_thumb.jpg" source="derivative">
    <format>JPEG Thumb</format>
    <original>brooklynmuseum-o84172i000-64.98.13_PS1.jpg</original>
    <md5>b5d70e9934a52af366694962b0d2a890</md5>
    <mtime>1273152937</mtime>
    <size>3347</size>
    <crc32>ce28ddcd</crc32>
    <sha1>e2397ea7203b5bcebb472e1dbccf1987cb707016</sha1>
  </file>
  <file name="brooklynmuseum-o84172-mottled-owl_meta.xml" source="original">
    <format>Metadata</format>
    <mtime>1415982932</mtime>
    <size>1308</size>
    <md5>347ead9820d85babcdd98b9faf4e835b</md5>
    <crc32>2078764f</crc32>
    <sha1>57f8084c17cc2f5628c4f577d4c9b21cfc9957b0</sha1>
  </file>
  <file name="brooklynmuseum-o84172-mottled-owl_files.xml" source="original">
    <format>Metadata</format>
    <md5>fb021759f0df442754b9290b9935eae0</md5>
  </file>
</files>
