<?xml version="1.0" encoding="UTF-8"?>
<files>
  <file name="brooklynmuseum-o84200i000-64.98.41_IMLS_PS4.jpg" source="original">
    <format>JPEG</format>
    <md5>1f679771e7ddf8623ef533209db948ba</md5>
    <mtime>1273153411</mtime>
    <size>82984</size>
    <crc32>dda028f4</crc32>
    <sha1>015e801020cae9938c8d4ef396c250560904fc16</sha1>
  </file>
  <file name="brooklynmuseum-o84200i000-64.98.41_IMLS_PS4.jpg_meta.txt" source="original">
    <format>Metadata</format>
    <md5>de38857701557fbdf7c2729afd39beec</md5>
    <mtime>1273153411</mtime>
    <size>720</size>
    <crc32>6c3ac810</crc32>
    <sha1>110ba165121937f1fd41a88a70878218542794ec</sha1>
  </file>
  <file name="brooklynmuseum-o84200i000-64.98.41_IMLS_PS4_thumb.jpg" source="derivative">
    <format>JPEG Thumb</format>
    <original>brooklynmuseum-o84200i000-64.98.41_IMLS_PS4.jpg</original>
    <md5>1ec62f5b61aad3e6fd384275b2bc2b16</md5>
    <mtime>1273153455</mtime>
    <size>4534</size>
    <crc32>362d4331</crc32>
    <sha1>bb834f7213dc69f68823374c673801e86586b74b</sha1>
  </file>
  <file name="brooklynmuseum-o84200-hare-squirrel_meta.xml" source="original">
    <format>Metadata</format>
    <mtime>1416041231</mtime>
    <size>1266</size>
    <md5>b6f69fb4b3f3742b17c59bf48476271c</md5>
    <crc32>7019e11b</crc32>
    <sha1>df11cd3a93a98b7b361ddb1ec157c7fe138bfbf7</sha1>
  </file>
  <file name="brooklynmuseum-o84200-hare-squirrel_files.xml" source="original">
    <format>Metadata</format>
    <md5>644bbd3caa7cd2ae7b9a56c943658d84</md5>
  </file>
</files>
