<?xml version="1.0" encoding="UTF-8"?>
<files>
  <file name="brooklynmuseum-o84202-swift-fox_meta.xml" source="original">
    <format>Metadata</format>
    <md5>b30b403fc4019acb6a8196be80b40994</md5>
    <mtime>1273153426</mtime>
    <size>1215</size>
    <crc32>6a1c69e9</crc32>
    <sha1>4d610ccb8d45713e256b83dfef17c045c3299dfa</sha1>
  </file>
  <file name="brooklynmuseum-o84202i000-64.98.43_IMLS_PS4_thumb.jpg" source="derivative">
    <format>JPEG Thumb</format>
    <original>brooklynmuseum-o84202i000-64.98.43_IMLS_PS4.jpg</original>
    <md5>854c6d3e7f711092966fb14a8f6d3a77</md5>
    <mtime>1273153520</mtime>
    <size>4031</size>
    <crc32>c514f670</crc32>
    <sha1>cfc5a5f7f34d83f5207fdcedf96e29f0f05026c2</sha1>
  </file>
  <file name="brooklynmuseum-o84202i000-64.98.43_IMLS_PS4.jpg_meta.txt" source="original">
    <format>Metadata</format>
    <md5>2ac3d0a79984ca7cea668f106170be38</md5>
    <mtime>1273153476</mtime>
    <size>716</size>
    <crc32>8199ca84</crc32>
    <sha1>180f9339bb9a53643120f66b374def27fb6ebb9d</sha1>
  </file>
  <file name="brooklynmuseum-o84202i000-64.98.43_IMLS_PS4.jpg" source="original">
    <format>JPEG</format>
    <md5>b1979f9f8d02e90084caf21c13cb435c</md5>
    <mtime>1273153476</mtime>
    <size>80538</size>
    <crc32>c695188b</crc32>
    <sha1>70e9f6a29a751c7be5cecf646c0073bc3b26c415</sha1>
  </file>
  <file name="brooklynmuseum-o84202-swift-fox_files.xml" source="original">
    <format>Metadata</format>
    <md5>4a5b1e59e89ea605eec4266247e267da</md5>
  </file>
</files>
