<?xml version="1.0" encoding="UTF-8"?>
<metadata><identifier>brooklynmuseum-o84160-brown-pelican</identifier><caption>John J. Audubon (American, 1785-1851). &lt;em&gt;Brown Pelican&lt;/em&gt;, 1835. Aquatint in color, approx.: 27 x 40 in. (68.6 x 101.6 cm). Brooklyn Museum, Gift of the estate of Emily Winthrop Miles, 64.98.1</caption><collection>brooklynmuseum</collection><creator>John J. Audubon</creator><credit>Gift of the estate of Emily Winthrop Miles</credit><date>1835</date><description>&lt;p&gt;Object metadata can change over time, please check the Brooklyn Museum &lt;a href="http://www.brooklynmuseum.org/opencollection/objects/84160/Brown_Pelican" rel="nofollow"&gt;object record&lt;/a&gt; for the latest information.&lt;/p&gt;</description><dimensions>approx.: 27 x 40 in. (68.6 x 101.6 cm)</dimensions><mediatype>image</mediatype><medium>Aquatint in color</medium><rights>&lt;a href="http://www.brooklynmuseum.org/opencollection/objects/84160/Brown_Pelican?reveal_elements=rights-statement#rights-statement"&gt;No known copyright restrictions&lt;/a&gt;</rights><title>Brown Pelican</title><subject>art</subject><subject>American Art</subject><publicdate>2010-05-05 23:49:32</publicdate><uploader>webmaster@brooklynmuseum.org</uploader><addeddate>2010-05-05 23:49:32</addeddate></metadata>
