<?xml version="1.0" encoding="UTF-8"?>
<files>
  <file name="brooklynmuseum-o84160i000-64.98.1_PS1.jpg" source="original">
    <format>JPEG</format>
    <md5>dcf6882db76dabb1d7c97ab9a7314759</md5>
    <mtime>1273103383</mtime>
    <size>77101</size>
    <crc32>9376a139</crc32>
    <sha1>476f9ae68438292ef14fbe9623ab325bb9dfe539</sha1>
  </file>
  <file name="brooklynmuseum-o84160-brown-pelican_meta.xml" source="metadata">
    <format>Metadata</format>
    <mtime>1293248397</mtime>
    <size>1307</size>
    <md5>e00002e6754f2ab56c4035ac195c847d</md5>
    <crc32>25405e9b</crc32>
    <sha1>473e1399df8e7dc166fe7d5f581efc8ddf8ccb3e</sha1>
  </file>
  <file name="brooklynmuseum-o84160i000-64.98.1_PS1.jpg_meta.txt" source="original">
    <format>Metadata</format>
    <md5>640677ce7af16ec9bea7644d2d189e49</md5>
    <mtime>1273103383</mtime>
    <size>762</size>
    <crc32>f42fab35</crc32>
    <sha1>7c8c5664a0b9a08075ce126bc2aa2a1cebb6c5f5</sha1>
  </file>
  <file name="brooklynmuseum-o84160i000-64.98.1_PS1_thumb.jpg" source="derivative">
    <format>JPEG Thumb</format>
    <original>brooklynmuseum-o84160i000-64.98.1_PS1.jpg</original>
    <md5>c1fdf970002925f589e39ea09e39f68c</md5>
    <mtime>1273103422</mtime>
    <size>4671</size>
    <crc32>a327e1e5</crc32>
    <sha1>2cb000652de32e0a072fed6f5472bb8e268a705a</sha1>
  </file>
  <file name="brooklynmuseum-o84160-brown-pelican_files.xml" source="metadata">
    <format>Metadata</format>
    <md5>2d2dee18960e991bf46b1ad82c5a2db7</md5>
  </file>
</files>
