<?xml version="1.0" encoding="UTF-8"?>
<files>
  <file name="brooklynmuseum-o84186i000-64.98.27_IMLS_PS4_thumb.jpg" source="derivative">
    <format>JPEG Thumb</format>
    <original>brooklynmuseum-o84186i000-64.98.27_IMLS_PS4.jpg</original>
    <md5>0bc8f72bf76cad9246bd2c409e3dbbb0</md5>
    <mtime>1273153208</mtime>
    <size>3441</size>
    <crc32>3768c3dc</crc32>
    <sha1>37725f98d6fe3b47e4a88e3e8b7b19220d62319b</sha1>
  </file>
  <file name="brooklynmuseum-o84186i000-64.98.27_IMLS_PS4.jpg_meta.txt" source="original">
    <format>Metadata</format>
    <md5>2c1795d13758787fc3fca0a281bb197c</md5>
    <mtime>1273153169</mtime>
    <size>731</size>
    <crc32>5950802b</crc32>
    <sha1>e44989ca34456f20701dd31c2ad35fb46002c9f0</sha1>
  </file>
  <file name="brooklynmuseum-o84186i000-64.98.27_IMLS_PS4.jpg" source="original">
    <format>JPEG</format>
    <md5>4a33094a685cf51816c7dfc19e6cdef5</md5>
    <mtime>1273153169</mtime>
    <size>57575</size>
    <crc32>79145dcc</crc32>
    <sha1>68b21b4cc6df074cebdb5dea55bb32f50153c311</sha1>
  </file>
  <file name="brooklynmuseum-o84186-chipping-squirrel-hackee_meta.xml" source="original">
    <format>Metadata</format>
    <mtime>1417597106</mtime>
    <size>1321</size>
    <md5>5e88d1b8eb521ac5caf5daddf7099e0a</md5>
    <crc32>10b30524</crc32>
    <sha1>0136b780f23e03d314c586d2b788a36f4f12302d</sha1>
  </file>
  <file name="brooklynmuseum-o84186-chipping-squirrel-hackee_files.xml" source="original">
    <format>Metadata</format>
    <md5>4218ffb0d31f8d7a7701d841a6beae78</md5>
  </file>
</files>
