<?xml version="1.0" encoding="UTF-8"?>
<metadata><identifier>brooklynmuseum-o84186-chipping-squirrel-hackee</identifier><caption>John J. Audubon (American, 1785-1851). &lt;em&gt;Chipping Squirrel Hackee&lt;/em&gt;. Lithograph, 27 x 21 in. (68.6 x 53.3 cm). Brooklyn Museum, Gift of the estate of Emily Winthrop Miles, 64.98.27</caption><collection>brooklynmuseum</collection><creator>John J. Audubon</creator><credit>Gift of the estate of Emily Winthrop Miles</credit><description>&lt;p&gt;Object metadata can change over time, please check the Brooklyn Museum &lt;a href="http://www.brooklynmuseum.org/opencollection/objects/84186/Chipping_Squirrel_Hackee" rel="nofollow"&gt;object record&lt;/a&gt; for the latest information.&lt;/p&gt;</description><dimensions>27 x 21 in. (68.6 x 53.3 cm)</dimensions><mediatype>image</mediatype><medium>Lithograph</medium><rights>&lt;a href="http://www.brooklynmuseum.org/opencollection/objects/84186/Chipping_Squirrel_Hackee?reveal_elements=rights-statement#rights-statement" rel="nofollow"&gt;No known copyright restrictions&lt;/a&gt;</rights><title>Chipping Squirrel Hackee</title><subject>art</subject><subject>American Art</subject><publicdate>2010-05-06 13:39:18</publicdate><uploader>webmaster@brooklynmuseum.org</uploader><addeddate>2010-05-06 13:39:18</addeddate></metadata>
