<?xml version="1.0" encoding="UTF-8"?>
<files>
  <file name="brooklynmuseum-o84188i000-64.98.29_IMLS_PS4.jpg_meta.txt" source="original">
    <format>Metadata</format>
    <md5>254c8a957d3e977cbb035b4d18be74af</md5>
    <mtime>1273153181</mtime>
    <size>754</size>
    <crc32>324fab19</crc32>
    <sha1>b10eb5215c2151a31a50de4e92a427a916e08d7f</sha1>
  </file>
  <file name="brooklynmuseum-o84188i000-64.98.29_IMLS_PS4.jpg" source="original">
    <format>JPEG</format>
    <md5>bc9339bf39f00fe534a5685b37d95130</md5>
    <mtime>1273153181</mtime>
    <size>82806</size>
    <crc32>47b0e175</crc32>
    <sha1>57dcf3153e62ccf63a804c3c74807aa4ac5e8626</sha1>
  </file>
  <file name="brooklynmuseum-o84188i000-64.98.29_IMLS_PS4_thumb.jpg" source="derivative">
    <format>JPEG Thumb</format>
    <original>brooklynmuseum-o84188i000-64.98.29_IMLS_PS4.jpg</original>
    <md5>45e8ee0e733a05019570809838948501</md5>
    <mtime>1273153239</mtime>
    <size>5326</size>
    <crc32>401e011e</crc32>
    <sha1>8e9bd0022d93b6dc5239370d170b357bd67efc57</sha1>
  </file>
  <file name="brooklynmuseum-o84188-hudsons-bay-squirrel-chicaree-red_meta.xml" source="original">
    <format>Metadata</format>
    <mtime>1417117793</mtime>
    <size>1420</size>
    <md5>70417a6b05e74d5bba9a1bb6f9a70317</md5>
    <crc32>c54ad923</crc32>
    <sha1>9b285f689748b1876974107f624658c1617408c0</sha1>
  </file>
  <file name="brooklynmuseum-o84188-hudsons-bay-squirrel-chicaree-red_files.xml" source="original">
    <format>Metadata</format>
    <md5>c7a07385dfed3728232b6ccf837e3c35</md5>
  </file>
</files>
