<?xml version="1.0" encoding="UTF-8"?>
<metadata><identifier>brooklynmuseum-o84167-bird-of-washington-or-great-american</identifier><caption>John J. Audubon (American, 1785-1851). &lt;em&gt;Bird of Washington or Great American Sea Eagle&lt;/em&gt;. Aquatint, approx.: 27 x 40 in. (68.6 x 101.6 cm). Brooklyn Museum, Gift of the estate of Emily Winthrop Miles, 64.98.8</caption><collection>brooklynmuseum</collection><credit>Gift of the estate of Emily Winthrop Miles</credit><description>&lt;p&gt;Object metadata can change over time, please check the Brooklyn Museum &lt;a href="http://www.brooklynmuseum.org/opencollection/objects/84167/Bird_of_Washington_or_Great_American_Sea_Eagle" rel="nofollow"&gt;object record&lt;/a&gt; for the latest information.&lt;/p&gt;</description><dimensions>approx.: 27 x 40 in. (68.6 x 101.6 cm)</dimensions><mediatype>image</mediatype><medium>Aquatint</medium><rights>&lt;a href="http://www.brooklynmuseum.org/opencollection/objects/84167/Bird_of_Washington_or_Great_American_Sea_Eagle?reveal_elements=rights-statement#rights-statement" rel="nofollow"&gt;No known copyright restrictions&lt;/a&gt;</rights><title>Bird of Washington or Great American Sea Eagle</title><creator>John J. Audubon</creator><subject>art</subject><creator>Robert Havell Jr.</creator><subject>American Art</subject><publicdate>2010-05-06 13:32:42</publicdate><uploader>webmaster@brooklynmuseum.org</uploader><addeddate>2010-05-06 13:32:42</addeddate></metadata>
