<?xml version="1.0" encoding="UTF-8"?>
<files>
  <file name="brooklynmuseum-o84167i000-64.98.8_PS1.jpg" source="original">
    <format>JPEG</format>
    <md5>da348dc02823d2576600d44cdc3990c3</md5>
    <mtime>1273152785</mtime>
    <size>63188</size>
    <crc32>7d5432b8</crc32>
    <sha1>e360b91b1d15c37bfcc23045543fd3e6b6de8c45</sha1>
  </file>
  <file name="brooklynmuseum-o84167i000-64.98.8_PS1_thumb.jpg" source="derivative">
    <format>JPEG Thumb</format>
    <original>brooklynmuseum-o84167i000-64.98.8_PS1.jpg</original>
    <md5>fe21b3f88ebdcc4b82d31d80379de4a2</md5>
    <mtime>1273152838</mtime>
    <size>3669</size>
    <crc32>c77a7ffb</crc32>
    <sha1>47bb262520ea7f43217264803405ed12abc9f4f0</sha1>
  </file>
  <file name="brooklynmuseum-o84167i000-64.98.8_PS1.jpg_meta.txt" source="original">
    <format>Metadata</format>
    <md5>3ec7cec119d0e7623779794a0fd06f3e</md5>
    <mtime>1273152785</mtime>
    <size>780</size>
    <crc32>5cfd49ab</crc32>
    <sha1>e383dc980d43bd2b959b6735826b1cd0151990bb</sha1>
  </file>
  <file name="brooklynmuseum-o84167-bird-of-washington-or-great-american_meta.xml" source="original">
    <format>Metadata</format>
    <mtime>1416456300</mtime>
    <size>1472</size>
    <md5>6ad42a883ae7c8cd7192ae9793064712</md5>
    <crc32>eb25ba2d</crc32>
    <sha1>bf173e80ba4fece2485db0940c31278a06f0f97e</sha1>
  </file>
  <file name="brooklynmuseum-o84167-bird-of-washington-or-great-american_files.xml" source="original">
    <format>Metadata</format>
    <md5>f2084f829181fdba918d894b87da6bfa</md5>
  </file>
</files>
