<?xml version="1.0" encoding="UTF-8"?>
<files>
  <file name="brooklynmuseum-o84192i000-64.98.33_IMLS_PS4.jpg_meta.txt" source="original">
    <format>Metadata</format>
    <md5>717c61f15e65c232df7f2d5613bca671</md5>
    <mtime>1273153241</mtime>
    <size>735</size>
    <crc32>e92284f2</crc32>
    <sha1>ee20a1b41bb2db724663934db93023e7433bdf33</sha1>
  </file>
  <file name="brooklynmuseum-o84192i000-64.98.33_IMLS_PS4.jpg" source="original">
    <format>JPEG</format>
    <md5>14136238c26e73f7a32fbc9c2a60665c</md5>
    <mtime>1273153241</mtime>
    <size>61081</size>
    <crc32>c3072cf2</crc32>
    <sha1>89170559dcb1e14a2e977ea053902e03d86f7624</sha1>
  </file>
  <file name="brooklynmuseum-o84192i000-64.98.33_IMLS_PS4_thumb.jpg" source="derivative">
    <format>JPEG Thumb</format>
    <original>brooklynmuseum-o84192i000-64.98.33_IMLS_PS4.jpg</original>
    <md5>c603bdb6006578b6f8621c94ffe559bb</md5>
    <mtime>1273153279</mtime>
    <size>3460</size>
    <crc32>11c2b260</crc32>
    <sha1>6d060f23b7de6fe9ec0f62114779ecdd4a933e6f</sha1>
  </file>
  <file name="brooklynmuseum-o84192-four-striped-ground-squirrel_meta.xml" source="original">
    <format>Metadata</format>
    <mtime>1416882457</mtime>
    <size>1341</size>
    <md5>605065aad45a5eefb2858d6f104cd8f9</md5>
    <crc32>988466c4</crc32>
    <sha1>1cd99df771c6d4f1143e1381ecb46c35bad650ce</sha1>
  </file>
  <file name="brooklynmuseum-o84192-four-striped-ground-squirrel_files.xml" source="original">
    <format>Metadata</format>
    <md5>d87fa6b2b68c0e68f525e506cee8990f</md5>
  </file>
</files>
