<?xml version="1.0" encoding="UTF-8"?>
<files>
  <file name="brooklynmuseum-o84221i000-64.98.62_IMLS_PS4.jpg_meta.txt" source="original">
    <format>Metadata</format>
    <md5>4d4fef040897da1d89d8d569cc2aa73e</md5>
    <mtime>1273153683</mtime>
    <size>721</size>
    <crc32>5b82f676</crc32>
    <sha1>7c35c2ab9b19ab416fee30e10882a116ae0ca421</sha1>
  </file>
  <file name="brooklynmuseum-o84221i000-64.98.62_IMLS_PS4.jpg" source="original">
    <format>JPEG</format>
    <md5>9accd6175b57a688af74bd0e137afe19</md5>
    <mtime>1273153683</mtime>
    <size>76442</size>
    <crc32>b060bbe1</crc32>
    <sha1>720619c7526e82ecae9f3f687444c33532c1bcdf</sha1>
  </file>
  <file name="brooklynmuseum-o84221i000-64.98.62_IMLS_PS4_thumb.jpg" source="derivative">
    <format>JPEG Thumb</format>
    <original>brooklynmuseum-o84221i000-64.98.62_IMLS_PS4.jpg</original>
    <md5>ad4ffec93e4d0d6f5c13ab4ce4e6137a</md5>
    <mtime>1273153722</mtime>
    <size>3725</size>
    <crc32>99ec6dfd</crc32>
    <sha1>372d556b2ef65c57b748c6f07245452c62aafc04</sha1>
  </file>
  <file name="brooklynmuseum-o84221-dusky-squirrel_meta.xml" source="original">
    <format>Metadata</format>
    <mtime>1417381579</mtime>
    <size>1271</size>
    <md5>3d901265dbded7c91fc1543bec50d415</md5>
    <crc32>433a75e4</crc32>
    <sha1>93eb3da992b2df8d15762b7b82c72739bfc321fd</sha1>
  </file>
  <file name="brooklynmuseum-o84221-dusky-squirrel_files.xml" source="original">
    <format>Metadata</format>
    <md5>a3086f1535791c01849e5469bded1cf1</md5>
  </file>
</files>
