<?xml version="1.0" encoding="UTF-8"?>
<files>
  <file name="brooklynmuseum-o84228i000-64.98.69_transpc006.jpg" source="original">
    <format>JPEG</format>
    <md5>c6b5ebe74bc6f3d42e8e308baff1a3ad</md5>
    <mtime>1273153706</mtime>
    <size>91087</size>
    <crc32>32c2f079</crc32>
    <sha1>f704502b760d5fe2f56667edc6efa5744a275d53</sha1>
  </file>
  <file name="brooklynmuseum-o84228i000-64.98.69_transpc006_thumb.jpg" source="derivative">
    <format>JPEG Thumb</format>
    <original>brooklynmuseum-o84228i000-64.98.69_transpc006.jpg</original>
    <md5>f1e722cf799415aa322838b765efbe80</md5>
    <mtime>1273153757</mtime>
    <size>5332</size>
    <crc32>c67fe4c0</crc32>
    <sha1>f124cb6c9c019de394945ae12434e76071b9d1c5</sha1>
  </file>
  <file name="brooklynmuseum-o84228i001-64.98.69_bw_IMLS_thumb.jpg" source="derivative">
    <format>JPEG Thumb</format>
    <original>brooklynmuseum-o84228i001-64.98.69_bw_IMLS.jpg</original>
    <md5>ee6b763a52951006af894031a6b0ee4d</md5>
    <mtime>1273153756</mtime>
    <size>5196</size>
    <crc32>3483c049</crc32>
    <sha1>e655b0f8cb61af889f63d7577d866cec622e09e0</sha1>
  </file>
  <file name="brooklynmuseum-o84228i001-64.98.69_bw_IMLS.jpg_meta.txt" source="original">
    <format>Metadata</format>
    <md5>5a45ce4b3ffbda2af21663d21dc85021</md5>
    <mtime>1273153708</mtime>
    <size>730</size>
    <crc32>ecea5ad2</crc32>
    <sha1>d6aa3d9bd687c4a5c8e08d032a79ad41fab0f71f</sha1>
  </file>
  <file name="brooklynmuseum-o84228i000-64.98.69_transpc006.jpg_meta.txt" source="original">
    <format>Metadata</format>
    <md5>577736f00595ff0ba491034acafb776e</md5>
    <mtime>1273153706</mtime>
    <size>733</size>
    <crc32>1fc364b0</crc32>
    <sha1>83fb6fff273650749cd8c0a24571d02c4028063b</sha1>
  </file>
  <file name="brooklynmuseum-o84228i001-64.98.69_bw_IMLS.jpg" source="original">
    <format>JPEG</format>
    <md5>022ab86f749724262a17ba40d3f2ed1c</md5>
    <mtime>1273153708</mtime>
    <size>98283</size>
    <crc32>8a6b9b06</crc32>
    <sha1>8a5c50bd9ce154000597fc1b8cf3f0217156382d</sha1>
  </file>
  <file name="brooklynmuseum-o84228-common-or-virginian-deer_meta.xml" source="original">
    <format>Metadata</format>
    <mtime>1417316536</mtime>
    <size>1321</size>
    <md5>e288557b0d55da8cfd952107ef8aae5c</md5>
    <crc32>3142fd3c</crc32>
    <sha1>dd31475575964212311c61d92f0fd9dfac6ae500</sha1>
  </file>
  <file name="brooklynmuseum-o84228-common-or-virginian-deer_files.xml" source="original">
    <format>Metadata</format>
    <md5>cefef888af8d7854c0b8ab000873930e</md5>
  </file>
</files>
