<?xml version="1.0" encoding="UTF-8"?>
<files>
  <file name="brooklynmuseum-o84207i000-64.98.48_IMLS_PS4_thumb.jpg" source="derivative">
    <format>JPEG Thumb</format>
    <original>brooklynmuseum-o84207i000-64.98.48_IMLS_PS4.jpg</original>
    <md5>457af1ec9408bb0319d398ab6aec9e77</md5>
    <mtime>1273153545</mtime>
    <size>4139</size>
    <crc32>850a809a</crc32>
    <sha1>2d8afebae2bb5a5325690a75037fea96c6683c4f</sha1>
  </file>
  <file name="brooklynmuseum-o84207i000-64.98.48_IMLS_PS4.jpg_meta.txt" source="original">
    <format>Metadata</format>
    <md5>36553c3fcdf1f74069f69c48d954d068</md5>
    <mtime>1273153500</mtime>
    <size>727</size>
    <crc32>e3260762</crc32>
    <sha1>6ae63866cc836879e4c760c2eecf0f82b20b8831</sha1>
  </file>
  <file name="brooklynmuseum-o84207i000-64.98.48_IMLS_PS4.jpg" source="original">
    <format>JPEG</format>
    <md5>d591e3266ba112fdee040438a2ae560e</md5>
    <mtime>1273153500</mtime>
    <size>67377</size>
    <crc32>d5bd4b0f</crc32>
    <sha1>6e6399d152562b89b6b3fe1cf2977f63f33ecf7e</sha1>
  </file>
  <file name="brooklynmuseum-o84207-little-harvest-mouse_meta.xml" source="original">
    <format>Metadata</format>
    <mtime>1416882857</mtime>
    <size>1301</size>
    <md5>ce0bf341cb736af18ba41dafd54f6537</md5>
    <crc32>b0257485</crc32>
    <sha1>9d1f63d2eb229515a4a2f892ca39a0dace51d60e</sha1>
  </file>
  <file name="brooklynmuseum-o84207-little-harvest-mouse_files.xml" source="original">
    <format>Metadata</format>
    <md5>07b4711227b5e9104006e83843986391</md5>
  </file>
</files>
