<?xml version="1.0" encoding="UTF-8"?>
<files>
  <file name="brooklynmuseum-o84165i000-64.98.6_PS1_thumb.jpg" source="derivative">
    <format>JPEG Thumb</format>
    <original>brooklynmuseum-o84165i000-64.98.6_PS1.jpg</original>
    <md5>337862b5097266315c1ec774f176004b</md5>
    <mtime>1273103506</mtime>
    <size>4973</size>
    <crc32>a50fa422</crc32>
    <sha1>1ee3fdc6d3afcb814e8c24fab218f0bb72ed6e6f</sha1>
  </file>
  <file name="brooklynmuseum-o84165i000-64.98.6_PS1.jpg_meta.txt" source="original">
    <format>Metadata</format>
    <md5>8e809a495d3fb1d1b25da2ba752cf757</md5>
    <mtime>1273103469</mtime>
    <size>751</size>
    <crc32>163ac369</crc32>
    <sha1>9afcfeedd5107b57b91d7a36b42cf2277c6b8da0</sha1>
  </file>
  <file name="brooklynmuseum-o84165i000-64.98.6_PS1.jpg" source="original">
    <format>JPEG</format>
    <md5>8def58548aa37ae1eeeeb6adbab30d04</md5>
    <mtime>1273103469</mtime>
    <size>82448</size>
    <crc32>6855ee7a</crc32>
    <sha1>3b559d86813c355991f19e6549c5a4b3a44ef27a</sha1>
  </file>
  <file name="brooklynmuseum-o84165-broad-winged-hawk_meta.xml" source="original">
    <format>Metadata</format>
    <mtime>1416020934</mtime>
    <size>1337</size>
    <md5>cbdb8449f826a60d23837be07c2ca1aa</md5>
    <crc32>a078fc53</crc32>
    <sha1>7649aea6e8e65d2c18db6832540953a739f85082</sha1>
  </file>
  <file name="brooklynmuseum-o84165-broad-winged-hawk_files.xml" source="original">
    <format>Metadata</format>
    <md5>aacec5e4b752621edc4919e136c2e2ac</md5>
  </file>
</files>
