<?xml version="1.0" encoding="UTF-8"?>
<files>
  <file name="brooklynmuseum-o84215i000-64.98.56_IMLS_PS4.jpg" source="original">
    <format>JPEG</format>
    <md5>51c3b37ef5e5ca5be38a7fd3f16d5063</md5>
    <mtime>1273153594</mtime>
    <size>63553</size>
    <crc32>41a36c11</crc32>
    <sha1>4eaece5fd863303c84481b758623ae35efcf4a2e</sha1>
  </file>
  <file name="brooklynmuseum-o84215i000-64.98.56_IMLS_PS4.jpg_meta.txt" source="original">
    <format>Metadata</format>
    <md5>ff16ac9a325dacf203a8ea5608746bd8</md5>
    <mtime>1273153594</mtime>
    <size>717</size>
    <crc32>b79e5bbd</crc32>
    <sha1>346f2fbeb6c1ed08857d2ed156143933d118c27b</sha1>
  </file>
  <file name="brooklynmuseum-o84215i000-64.98.56_IMLS_PS4_thumb.jpg" source="derivative">
    <format>JPEG Thumb</format>
    <original>brooklynmuseum-o84215i000-64.98.56_IMLS_PS4.jpg</original>
    <md5>ae68b6897e9a8553cc1f84b14b938763</md5>
    <mtime>1273153651</mtime>
    <size>3169</size>
    <crc32>53a74fd0</crc32>
    <sha1>3a341c46526216e3cc96e36d32bb2ca553bcb787</sha1>
  </file>
  <file name="brooklynmuseum-o84215-polar-bear_meta.xml" source="original">
    <format>Metadata</format>
    <mtime>1417228603</mtime>
    <size>1251</size>
    <md5>de0e6170bd7098c28abee49f058004c6</md5>
    <crc32>2af7d9a1</crc32>
    <sha1>b07cc893b7f723e4161d6e9a52f15b3d8ed22381</sha1>
  </file>
  <file name="brooklynmuseum-o84215-polar-bear_files.xml" source="original">
    <format>Metadata</format>
    <md5>cea1469abd225b9717d95718162b5f87</md5>
  </file>
</files>
