<?xml version="1.0" encoding="UTF-8"?>
<files>
  <file name="brooklynmuseum-o84201i000-64.98.42_bw_IMLS.jpg_meta.txt" source="original">
    <format>Metadata</format>
    <md5>7d04e9b598ab937605440860a0b8b842</md5>
    <mtime>1273153423</mtime>
    <size>727</size>
    <crc32>80d91486</crc32>
    <sha1>96f63a0fd18d2c134ec8142687e4ba38d648a0a3</sha1>
  </file>
  <file name="brooklynmuseum-o84201i000-64.98.42_bw_IMLS_thumb.jpg" source="derivative">
    <format>JPEG Thumb</format>
    <original>brooklynmuseum-o84201i000-64.98.42_bw_IMLS.jpg</original>
    <md5>7aaf8daf86141b3b37329795d76fd153</md5>
    <mtime>1273153473</mtime>
    <size>3979</size>
    <crc32>7cab6bea</crc32>
    <sha1>26e74793d7883733302903c613c389ff99f05ea1</sha1>
  </file>
  <file name="brooklynmuseum-o84201i000-64.98.42_bw_IMLS.jpg" source="original">
    <format>JPEG</format>
    <md5>cb7ba355329e82be121fa61562e99a51</md5>
    <mtime>1273153423</mtime>
    <size>80118</size>
    <crc32>b0436d73</crc32>
    <sha1>067077b5c32b915d9cc010b02ce969e7d4753052</sha1>
  </file>
  <file name="brooklynmuseum-o84201-american-beaver_meta.xml" source="original">
    <format>Metadata</format>
    <mtime>1416340641</mtime>
    <size>1299</size>
    <md5>18753ff9ca7135f9ffe6ba4f8b8fea16</md5>
    <crc32>62ea3334</crc32>
    <sha1>0500b554df7ee9867e2ee8bf4a5c4785eaccee2d</sha1>
  </file>
  <file name="brooklynmuseum-o84201-american-beaver_files.xml" source="original">
    <format>Metadata</format>
    <md5>c6c96f7b706a7781cfa435caab46b6a1</md5>
  </file>
</files>
