<?xml version="1.0" encoding="UTF-8"?>
<metadata><identifier>brooklynmuseum-o84201-american-beaver</identifier><caption>John J. Audubon (American, 1785-1851). &lt;em&gt;American Beaver&lt;/em&gt;, 1844. Lithograph, 21 x 27 in. (53.3 x 68.6 cm). Brooklyn Museum, Gift of the estate of Emily Winthrop Miles, 64.98.42</caption><collection>brooklynmuseum</collection><creator>John J. Audubon</creator><credit>Gift of the estate of Emily Winthrop Miles</credit><date>1844</date><description>&lt;p&gt;Object metadata can change over time, please check the Brooklyn Museum &lt;a href="http://www.brooklynmuseum.org/opencollection/objects/84201/American_Beaver" rel="nofollow"&gt;object record&lt;/a&gt; for the latest information.&lt;/p&gt;</description><dimensions>21 x 27 in. (53.3 x 68.6 cm)</dimensions><mediatype>image</mediatype><medium>Lithograph</medium><rights>&lt;a href="http://www.brooklynmuseum.org/opencollection/objects/84201/American_Beaver?reveal_elements=rights-statement#rights-statement" rel="nofollow"&gt;No known copyright restrictions&lt;/a&gt;</rights><title>American Beaver</title><subject>art</subject><subject>American Art</subject><publicdate>2010-05-06 13:43:32</publicdate><uploader>webmaster@brooklynmuseum.org</uploader><addeddate>2010-05-06 13:43:32</addeddate></metadata>
