<?xml version="1.0" encoding="UTF-8"?>
<files>
  <file name="brooklynmuseum-o84184i000-64.98.25_IMLS_PS4.jpg_meta.txt" source="original">
    <format>Metadata</format>
    <md5>d16bacb52c87c2643d4d4754ad569b33</md5>
    <mtime>1273153145</mtime>
    <size>725</size>
    <crc32>a829e565</crc32>
    <sha1>9459fda3c84a315068ef17702224494184a99ca9</sha1>
  </file>
  <file name="brooklynmuseum-o84184i000-64.98.25_IMLS_PS4_thumb.jpg" source="derivative">
    <format>JPEG Thumb</format>
    <original>brooklynmuseum-o84184i000-64.98.25_IMLS_PS4.jpg</original>
    <md5>591cfc744a6040ee12b94bd7bc4d4bb7</md5>
    <mtime>1273153186</mtime>
    <size>3840</size>
    <crc32>4911748d</crc32>
    <sha1>ffa7fdbdfbed71bf9cd12909a59919c2af1c846e</sha1>
  </file>
  <file name="brooklynmuseum-o84184i000-64.98.25_IMLS_PS4.jpg" source="original">
    <format>JPEG</format>
    <md5>28ecda5431ac2f48ca45b8d4122f42a3</md5>
    <mtime>1273153145</mtime>
    <size>68767</size>
    <crc32>75dc4f11</crc32>
    <sha1>5e5ea353d7816f34241f47609d05388ded5383d4</sha1>
  </file>
  <file name="brooklynmuseum-o84184-american-cross-fox_meta.xml" source="original">
    <format>Metadata</format>
    <mtime>1415657881</mtime>
    <size>1291</size>
    <md5>e3e3fc7acc1fb62c3b3e2d0446e99ae3</md5>
    <crc32>b24a7161</crc32>
    <sha1>59e6c3005acf9a55cd07e863418588bb5b6e5d5f</sha1>
  </file>
  <file name="brooklynmuseum-o84184-american-cross-fox_files.xml" source="original">
    <format>Metadata</format>
    <md5>d2e8b5ec9385fff6fd678e91f5bfe295</md5>
  </file>
</files>
