<?xml version="1.0" encoding="UTF-8"?>
<files>
  <file name="brooklynmuseum-o84199i000-64.98.40_IMLS_PS4.jpg_meta.txt" source="original">
    <format>Metadata</format>
    <md5>fbb054f7d422ea7aad9efc3ee0d300d9</md5>
    <mtime>1273153388</mtime>
    <size>732</size>
    <crc32>5963b76e</crc32>
    <sha1>10337a49211c142e9a31179ad96ed16527f91fee</sha1>
  </file>
  <file name="brooklynmuseum-o84199i000-64.98.40_IMLS_PS4.jpg" source="original">
    <format>JPEG</format>
    <md5>491a26e607fe3b7536100679640e41be</md5>
    <mtime>1273153388</mtime>
    <size>51995</size>
    <crc32>fa7accfa</crc32>
    <sha1>658c608c206be5c6217e2b5d7b99969bae70dc17</sha1>
  </file>
  <file name="brooklynmuseum-o84199i000-64.98.40_IMLS_PS4_thumb.jpg" source="derivative">
    <format>JPEG Thumb</format>
    <original>brooklynmuseum-o84199i000-64.98.40_IMLS_PS4.jpg</original>
    <md5>28e6c9c4d64881110f3b8d883a90a0b5</md5>
    <mtime>1273153427</mtime>
    <size>3492</size>
    <crc32>3a7dace0</crc32>
    <sha1>d667c86bd3bb79fdc01bcc0645967cb50c79b33b</sha1>
  </file>
  <file name="brooklynmuseum-o84199-pennants-martin-or-fisher_meta.xml" source="original">
    <format>Metadata</format>
    <mtime>1416765437</mtime>
    <size>1326</size>
    <md5>140c771cffa41f520a54ac5886a805f3</md5>
    <crc32>06ecaf9a</crc32>
    <sha1>9125a8a7ddd256048583d70399f04b7a0fa97337</sha1>
  </file>
  <file name="brooklynmuseum-o84199-pennants-martin-or-fisher_files.xml" source="original">
    <format>Metadata</format>
    <md5>64c91755640612b9a97f4a65bf58cf28</md5>
  </file>
</files>
