<?xml version="1.0" encoding="UTF-8"?>
<files>
  <file name="brooklynmuseum-o84185i000-64.98.26_IMLS_PS4.jpg" source="original">
    <format>JPEG</format>
    <md5>3bf53fbd2bd90390227f5af3de86c95a</md5>
    <mtime>1273153157</mtime>
    <size>84262</size>
    <crc32>93a8bf60</crc32>
    <sha1>92c3aa50347f60a8774520e0c7bb21379c728b3a</sha1>
  </file>
  <file name="brooklynmuseum-o84185i000-64.98.26_IMLS_PS4_thumb.jpg" source="derivative">
    <format>JPEG Thumb</format>
    <original>brooklynmuseum-o84185i000-64.98.26_IMLS_PS4.jpg</original>
    <md5>ee7f5b6773f6f412528acd8c57d9b5f7</md5>
    <mtime>1273153199</mtime>
    <size>5239</size>
    <crc32>4f04a78f</crc32>
    <sha1>54a90eb1004513e04330ed31cc2a1d3f8a4e8f7e</sha1>
  </file>
  <file name="brooklynmuseum-o84185i000-64.98.26_IMLS_PS4.jpg_meta.txt" source="original">
    <format>Metadata</format>
    <md5>5eae7e6933b40540521c1c16ea7085d3</md5>
    <mtime>1273153157</mtime>
    <size>729</size>
    <crc32>2931b4f7</crc32>
    <sha1>b074689f556dd93196949c6d8b3c95797eb060a6</sha1>
  </file>
  <file name="brooklynmuseum-o84185-carolina-grey-squirrel_meta.xml" source="original">
    <format>Metadata</format>
    <mtime>1417541414</mtime>
    <size>1311</size>
    <md5>4ffea194373c08256766124385ebca55</md5>
    <crc32>84e4e256</crc32>
    <sha1>f60da8790ae56433891118116be0b42bbdcf3cfb</sha1>
  </file>
  <file name="brooklynmuseum-o84185-carolina-grey-squirrel_files.xml" source="original">
    <format>Metadata</format>
    <md5>74ec31ff8a8039c7a684c2131cbdbcdb</md5>
  </file>
</files>
