<?xml version="1.0" encoding="UTF-8"?>
<files>
  <file name="brooklynmuseum-o84194i000-64.98.35_IMLS_PS4.jpg_meta.txt" source="original">
    <format>Metadata</format>
    <md5>69a6571d5a0b98948ae0aa9cd9b25283</md5>
    <mtime>1273153287</mtime>
    <size>727</size>
    <crc32>848d0ea4</crc32>
    <sha1>5d05aa0dd7e1c86856475f4de9eee01634b250fd</sha1>
  </file>
  <file name="brooklynmuseum-o84194i000-64.98.35_IMLS_PS4_thumb.jpg" source="derivative">
    <format>JPEG Thumb</format>
    <original>brooklynmuseum-o84194i000-64.98.35_IMLS_PS4.jpg</original>
    <md5>9f33d940d354e09de43e235eda3f1e6e</md5>
    <mtime>1273153329</mtime>
    <size>4545</size>
    <crc32>bde3edec</crc32>
    <sha1>be463ad6069fe802f40e2cb1f4495ec90373ad05</sha1>
  </file>
  <file name="brooklynmuseum-o84194i000-64.98.35_IMLS_PS4.jpg" source="original">
    <format>JPEG</format>
    <md5>4889c578d0924ac58a1e148d192c7874</md5>
    <mtime>1273153287</mtime>
    <size>71222</size>
    <crc32>275aec6c</crc32>
    <sha1>ff4199a409e9d59aec979cff764a4ce501cd8f72</sha1>
  </file>
  <file name="brooklynmuseum-o84194-long-haired-squirrel_meta.xml" source="original">
    <format>Metadata</format>
    <mtime>1415713981</mtime>
    <size>1301</size>
    <md5>c4249eb8599abbadbeab049adac7ec91</md5>
    <crc32>2d0bf898</crc32>
    <sha1>2cfeca7edeed2b31f7ddf93950c4e3539b1e2f54</sha1>
  </file>
  <file name="brooklynmuseum-o84194-long-haired-squirrel_files.xml" source="original">
    <format>Metadata</format>
    <md5>27d5fe7648d50cb14b85261496c901e7</md5>
  </file>
</files>
