<?xml version="1.0" encoding="UTF-8"?>
<files>
  <file name="brooklynmuseum-o84170i000-64.98.11_PS1_thumb.jpg" source="derivative">
    <format>JPEG Thumb</format>
    <original>brooklynmuseum-o84170i000-64.98.11_PS1.jpg</original>
    <md5>35ae298c76d40bd5a04a506d45650ff0</md5>
    <mtime>1273152906</mtime>
    <size>3451</size>
    <crc32>c52c8aa9</crc32>
    <sha1>c3c405bc1821c0c2cc5c5481dab91c2286ac0ca7</sha1>
  </file>
  <file name="brooklynmuseum-o84170i000-64.98.11_PS1.jpg" source="original">
    <format>JPEG</format>
    <md5>8cb798ca902a32c267307d95e57e0d94</md5>
    <mtime>1273152855</mtime>
    <size>62850</size>
    <crc32>6264a8c7</crc32>
    <sha1>9a552f7ed32475af73c9871a2945a812f4d241b8</sha1>
  </file>
  <file name="brooklynmuseum-o84170i000-64.98.11_PS1.jpg_meta.txt" source="original">
    <format>Metadata</format>
    <md5>a238d33c4b2511d60831cc342a5cf165</md5>
    <mtime>1273152855</mtime>
    <size>767</size>
    <crc32>db8d339e</crc32>
    <sha1>d96cbdf3560e2b20289a76c8b42d12043e813f76</sha1>
  </file>
  <file name="brooklynmuseum-o84170-willow-grous-or-large-ptarmigan_meta.xml" source="original">
    <format>Metadata</format>
    <mtime>1417035316</mtime>
    <size>1408</size>
    <md5>281ee7767b7b7d9152580858d62c47b4</md5>
    <crc32>78214275</crc32>
    <sha1>aa7ca220eaccf94e0cd33e19c87bab70ee12411a</sha1>
  </file>
  <file name="brooklynmuseum-o84170-willow-grous-or-large-ptarmigan_files.xml" source="original">
    <format>Metadata</format>
    <md5>6b916f6695ba40cb375279ff9dc7eda6</md5>
  </file>
</files>
