<?xml version="1.0" encoding="UTF-8"?>
<files>
  <file name="brooklynmuseum-o84196i000-64.98.37_IMLS_PS4.jpg" source="original">
    <format>JPEG</format>
    <md5>f790a00e4c59eec32fd9d64dfa664d98</md5>
    <mtime>1273153353</mtime>
    <size>80250</size>
    <crc32>2f0aa4c2</crc32>
    <sha1>9a941e77b902e9cca840b475a9a13c337146a74e</sha1>
  </file>
  <file name="brooklynmuseum-o84196i000-64.98.37_IMLS_PS4_thumb.jpg" source="derivative">
    <format>JPEG Thumb</format>
    <original>brooklynmuseum-o84196i000-64.98.37_IMLS_PS4.jpg</original>
    <md5>b3bb47845d75a10cc761d1a81dc8a759</md5>
    <mtime>1273153392</mtime>
    <size>4862</size>
    <crc32>4a5098fd</crc32>
    <sha1>08af9a985bddf286b6c838cb2889e7a0779fa4b6</sha1>
  </file>
  <file name="brooklynmuseum-o84196i000-64.98.37_IMLS_PS4.jpg_meta.txt" source="original">
    <format>Metadata</format>
    <md5>c96bd953b0133e5cbb6657660b11ec12</md5>
    <mtime>1273153353</mtime>
    <size>721</size>
    <crc32>ec652113</crc32>
    <sha1>9d2dce52b2be92e48a4fe421a7e75b2d578f6d0e</sha1>
  </file>
  <file name="brooklynmuseum-o84196-black-squirrel_meta.xml" source="original">
    <format>Metadata</format>
    <mtime>1416340762</mtime>
    <size>1271</size>
    <md5>220678c58865542c94d3e2ccfd7715b7</md5>
    <crc32>49308234</crc32>
    <sha1>feef1d7860c4bf778ad8ffa3d74b2dea9c40a705</sha1>
  </file>
  <file name="brooklynmuseum-o84196-black-squirrel_files.xml" source="original">
    <format>Metadata</format>
    <md5>e42bec35561f53477305b1b76afc0511</md5>
  </file>
</files>
