<?xml version="1.0" encoding="UTF-8"?>
<files>
  <file name="brooklynmuseum-o84220i000-64.98.61_bw_IMLS.jpg_meta.txt" source="original">
    <format>Metadata</format>
    <md5>8bcba9dabc2822e1fbc05797ce934561</md5>
    <mtime>1273153629</mtime>
    <size>734</size>
    <crc32>e0cebfb6</crc32>
    <sha1>5a5f46c990b52aad16d882e1c94c11fccbbca5fd</sha1>
  </file>
  <file name="brooklynmuseum-o84220i000-64.98.61_bw_IMLS.jpg" source="original">
    <format>JPEG</format>
    <md5>ad13d13a3817508354b0f5c297e97c0e</md5>
    <mtime>1273153629</mtime>
    <size>86416</size>
    <crc32>edc11915</crc32>
    <sha1>34f3ed7af6142f3a069c5dc888404f9e93233394</sha1>
  </file>
  <file name="brooklynmuseum-o84220i000-64.98.61_bw_IMLS_thumb.jpg" source="derivative">
    <format>JPEG Thumb</format>
    <original>brooklynmuseum-o84220i000-64.98.61_bw_IMLS.jpg</original>
    <md5>5a19ce23018f6e0a5007a620e96cef18</md5>
    <mtime>1273153679</mtime>
    <size>4014</size>
    <crc32>a471e676</crc32>
    <sha1>4ffa6f075f0df66fcb25fc5f804f964d2e9222dd</sha1>
  </file>
  <file name="brooklynmuseum-o84220-american-black-or-silver-fox_meta.xml" source="original">
    <format>Metadata</format>
    <mtime>1417328866</mtime>
    <size>1341</size>
    <md5>2559870dcd85ff22ad8f25820fe9b192</md5>
    <crc32>611d7c02</crc32>
    <sha1>6fbfc818f1aba0ef978b4d9dd7aacb0241630edb</sha1>
  </file>
  <file name="brooklynmuseum-o84220-american-black-or-silver-fox_files.xml" source="original">
    <format>Metadata</format>
    <md5>dcbdd16d988bf56353d5862a7b57756b</md5>
  </file>
</files>
