<?xml version="1.0" encoding="UTF-8"?>
<files>
  <file name="brooklynmuseum-o84182i000-64.98.23_IMLS_PS4_thumb.jpg" source="derivative">
    <format>JPEG Thumb</format>
    <original>brooklynmuseum-o84182i000-64.98.23_IMLS_PS4.jpg</original>
    <md5>3fa4c48a3eca3fe91e9f4c7356723af5</md5>
    <mtime>1273153258</mtime>
    <size>4115</size>
    <crc32>6a07b5fe</crc32>
    <sha1>c55d26efb9cb385886d184f1ca9e8f9793be9983</sha1>
  </file>
  <file name="brooklynmuseum-o84182i000-64.98.23_IMLS_PS4.jpg" source="original">
    <format>JPEG</format>
    <md5>248cd2317f10d86a0e2f8907eedae431</md5>
    <mtime>1273153080</mtime>
    <size>60369</size>
    <crc32>5864a309</crc32>
    <sha1>a77087a723f9de869f8ea6d544de9d173e9e171b</sha1>
  </file>
  <file name="brooklynmuseum-o84182i000-64.98.23_IMLS_PS4.jpg_meta.txt" source="original">
    <format>Metadata</format>
    <md5>67809cc35b94a9a5f3440bbb5699080f</md5>
    <mtime>1273153080</mtime>
    <size>718</size>
    <crc32>8b8f624</crc32>
    <sha1>bd96530b96aa01e2e01998680049bda65736feb9</sha1>
  </file>
  <file name="brooklynmuseum-o84182-florida-rat_meta.xml" source="original">
    <format>Metadata</format>
    <mtime>1416766711</mtime>
    <size>1256</size>
    <md5>e68e115a0ff1ed8449a8c0272e4ee508</md5>
    <crc32>b98328f5</crc32>
    <sha1>bdc379c7809e61d4ed03ccc39b183018a0cc56f8</sha1>
  </file>
  <file name="brooklynmuseum-o84182-florida-rat_files.xml" source="original">
    <format>Metadata</format>
    <md5>58361b5b9ed4aed3a4776de3fea96728</md5>
  </file>
</files>
