<?xml version="1.0" encoding="UTF-8"?>
<files>
  <file name="brooklynmuseum-o84169i000-64.98.10_PS1_thumb.jpg" source="derivative">
    <format>JPEG Thumb</format>
    <original>brooklynmuseum-o84169i000-64.98.10_PS1.jpg</original>
    <md5>44b793b2c5d5dbd1fa3b68d36c087c42</md5>
    <mtime>1273152876</mtime>
    <size>3137</size>
    <crc32>5949d41</crc32>
    <sha1>5edf9dbb0e43566e8104d83db5059643884afb3f</sha1>
  </file>
  <file name="brooklynmuseum-o84169i000-64.98.10_PS1.jpg" source="original">
    <format>JPEG</format>
    <md5>b879bc25de500bd35f4c6bcf191647fc</md5>
    <mtime>1273152831</mtime>
    <size>46655</size>
    <crc32>7692976f</crc32>
    <sha1>7c18354c798ff579f118616e13ea727aad2d4030</sha1>
  </file>
  <file name="brooklynmuseum-o84169i000-64.98.10_PS1.jpg_meta.txt" source="original">
    <format>Metadata</format>
    <md5>3c4a25f94138f8b3cc78c590c984533d</md5>
    <mtime>1273152831</mtime>
    <size>752</size>
    <crc32>8ae80820</crc32>
    <sha1>6f69aa26492232228c6af217b9f07b0c7303eb3a</sha1>
  </file>
  <file name="brooklynmuseum-o84169-passenger-pigeon_meta.xml" source="original">
    <format>Metadata</format>
    <mtime>1416021342</mtime>
    <size>1333</size>
    <md5>8dc951f131b3cad787302c5952125c07</md5>
    <crc32>be1bdddc</crc32>
    <sha1>4769a7683019ebbc79dbed6ad52e39980ec9875f</sha1>
  </file>
  <file name="brooklynmuseum-o84169-passenger-pigeon_files.xml" source="original">
    <format>Metadata</format>
    <md5>bdc813ffee88ad6ed6d86dbc6d331fbd</md5>
  </file>
</files>
