<?xml version="1.0" encoding="UTF-8"?>
<files>
  <file name="brooklynmuseum-o84189i000-64.98.30_IMLS_PS4.jpg" source="original">
    <format>JPEG</format>
    <md5>fb6eddeb555afb4033ce352e3f914c73</md5>
    <mtime>1273153192</mtime>
    <size>81262</size>
    <crc32>4db3232c</crc32>
    <sha1>6aa03107f75958c3f3e2a1df918f919dcffd43c2</sha1>
  </file>
  <file name="brooklynmuseum-o84189i000-64.98.30_IMLS_PS4.jpg_meta.txt" source="original">
    <format>Metadata</format>
    <md5>8f9d9a2326ba3a25b8fc366ff3f7ff8b</md5>
    <mtime>1273153192</mtime>
    <size>719</size>
    <crc32>61551656</crc32>
    <sha1>f3ad48062c425c4894620a2cf3b877da51b5c8ae</sha1>
  </file>
  <file name="brooklynmuseum-o84189i000-64.98.30_IMLS_PS4_thumb.jpg" source="derivative">
    <format>JPEG Thumb</format>
    <original>brooklynmuseum-o84189i000-64.98.30_IMLS_PS4.jpg</original>
    <md5>4f4cc42160e5ed2324051e304c5e007f</md5>
    <mtime>1273153231</mtime>
    <size>4399</size>
    <crc32>1ff98067</crc32>
    <sha1>42198da0820e95bc31fbda90a7076e90cf314d97</sha1>
  </file>
  <file name="brooklynmuseum-o84189-cat-squirrel_meta.xml" source="original">
    <format>Metadata</format>
    <mtime>1416874473</mtime>
    <size>1261</size>
    <md5>8396f48863f64159c623efc6bbeefe7d</md5>
    <crc32>383e9b6a</crc32>
    <sha1>377d8d7df8bf04f77c6f5ad68cd4dc723bd98a20</sha1>
  </file>
  <file name="brooklynmuseum-o84189-cat-squirrel_files.xml" source="original">
    <format>Metadata</format>
    <md5>e2b6208a129110d5b52a3f9d714cfb0b</md5>
  </file>
</files>
