<?xml version="1.0" encoding="UTF-8"?>
<files>
  <file name="brooklynmuseum-o84176i000-64.98.17_PS1.jpg_meta.txt" source="original">
    <format>Metadata</format>
    <md5>971b7e56a06eda3f2bafaa99a5600c6f</md5>
    <mtime>1273152962</mtime>
    <size>750</size>
    <crc32>5e4db70e</crc32>
    <sha1>e3ed84374e9c07e189a8a04b987398302a3e4690</sha1>
  </file>
  <file name="brooklynmuseum-o84176i000-64.98.17_PS1_thumb.jpg" source="derivative">
    <format>JPEG Thumb</format>
    <original>brooklynmuseum-o84176i000-64.98.17_PS1.jpg</original>
    <md5>177d94639405fc0e13000148e91b558e</md5>
    <mtime>1273153001</mtime>
    <size>3341</size>
    <crc32>c0b3f65</crc32>
    <sha1>9a90aed937186a22303652ad616c222541e1a7f5</sha1>
  </file>
  <file name="brooklynmuseum-o84176i000-64.98.17_PS1.jpg" source="original">
    <format>JPEG</format>
    <md5>f6a490e3c60bf98dbcce13aaa6a4b69a</md5>
    <mtime>1273152962</mtime>
    <size>56457</size>
    <crc32>c4a48760</crc32>
    <sha1>3a25fbd404e0b2400449cf3dca909832d2f5011a</sha1>
  </file>
  <file name="brooklynmuseum-o84176-whip-poor-will_meta.xml" source="original">
    <format>Metadata</format>
    <mtime>1416458186</mtime>
    <size>1323</size>
    <md5>a8bc9d2b8264939477ecbd141296a27f</md5>
    <crc32>9129e254</crc32>
    <sha1>882b350bb8c4ddc8c4f7b5a53e1391794043d4a4</sha1>
  </file>
  <file name="brooklynmuseum-o84176-whip-poor-will_files.xml" source="original">
    <format>Metadata</format>
    <md5>b2dd83cbca0ce491b47c9fa3e835bf6a</md5>
  </file>
</files>
